Workbook
Name cities: 'Solar by State'!$B$61:$B$65

Sheet About
A1: BAU Expected Capacity Factors | B1: Nebraska | C1: 44307
B2: =LOOKUP(B1,I10:J59,J10:J59)
A3: Source: | B3: Existing Capacity Factors, Except for Coal, Solar PV, and Onshore Wind (and capacity factor for newly built Nuclear) | D3: Existing and New Offshore Wind, New Solar Thermal Capacity Factors; Trends for New Solar PV and Onshore Wind Capacity Factors
B4: Energy Information Administration | D4: National Renewable Energy Lab
B5: 2019 | D5: 2020
B6: Electric Power Annual 2018 | D6: Annual Technology Baseline (ATB) Spreadsheet - 2020 Final
B7: http://www.eia.gov/electricity/annual/ | D7: https://atb.nrel.gov/
B8: Tables 4.8.A and 4.8.B
B10: Existing Capacity Factor for Hard Coal, Lignite, Solar PV, and Onshore Wind | I10: Alabama | J10: AL
B11: Energy Information Administration | I11: Alaska | J11: AK
B12: 2020 | I12: Arizona | J12: AZ
B13: Forms 860 and 923 | I13: Arkansas | J13: AR
B14: https://www.eia.gov/electricity/ | I14: California | J14: CA
B15: Form 860: 3_1_Generator_Y2018 (Operable tab) and Form 923: EIA923_Schedules_2_3_4_5_M_12_2018, (Page 1 Generator and Fuel Data tab) | I15: Colorado | J15: CO
I16: Connecticut | J16: CT
B17: Gridlab 2035 Study | I17: Delaware | J17: DE
B18: Berkley and Gridab | I18: Florida | J18: FL
B19: 2020 | I19: Georgia | J19: GA
B20: Regional and State Generation Capacity | I20: Hawaii | J20: HI
B21: https://www.2035report.com/downloads/ | I21: Idaho | J21: ID
I22: Illinois | J22: IL
I23: Indiana | J23: IN
I24: Iowa | J24: IA
I25: Kansas | J25: KS
I26: Kentucky | J26: KY
A27: Notes | I27: Louisiana | J27: LA
A28: This variable represents the capacity factors that electricity suppliers expect to run each type of | I28: Maine | J28: ME
A29: power plant. Given the choice, an electricity supplier would sooner build a new nonpeaker power | I29: Maryland | J29: MD
A30: plant than attempt to rely on running a nonpeaker plant at greater than its Expected Capacity Factor. | I30: Massachusetts | J30: MA
I31: Michigan | J31: MI
A32: For all sources other than nuclear, onshore/offshore wind, solar PV, we assume a 10% improvement in the | I32: Minnesota | J32: MN
A33: target capacity factor of new units relative to the observed capacity factor of existing units. | I33: Mississippi | J33: MS
A34: This is meant to account for improvements in efficiency (e.g. heat rate) that are likely to make the unit | I34: Missouri | J34: MO
A35: more cost-effective to run, and therefore likely to increase the amount it is dispatched. | I35: Montana | J35: MT
I36: Nebraska | J36: NE
A37: For onshore/offshore wind, solar PV, and solar thermal we take capacity factors for new resources from the NREL ATB. | I37: Nevada | J37: NV
A38: These types of plants tend to be limited by resources rather than dispatch cost. For onshore and offshore wind, | I38: New Hampshire | J38: NH
A39: we average based on a subset of the ATB classes. | I39: New Jersey | J39: NJ
I40: New Mexico | J40: NM
A41: For nuclear, we assume that new plants will operate at the same level of efficiency as existing plants, | I41: New York | J41: NY
A42: as the primary cause for the difference between 100% and the observed capacity factor is due to maintenance | I42: North Carolina | J42: NC
A43: and outages rather than dispatch costs. | I43: North Dakota | J43: ND
I44: Ohio | J44: OH
A45: For coal we use data from Form 860 and Form 923 to develop separate capacity factors for lignite and | I45: Oklahoma | J45: OK
A46: non-lignite coal plants. | I46: Oregon | J46: OR
I47: Pennsylvania | J47: PA
A48: State Downscaling | I48: Rhode Island | J48: RI
A49: Combine plant level data from EIA-923 and EIA-860 | I49: South Carolina | J49: SC
A50: Calculate capacity factor | I50: South Dakota | J50: SD
A51: Summarize to the state’s census division level | I51: Tennessee | J51: TN
A52: Script: | I52: Texas | J52: TX
A53: https://github.com/RMI-Web/state-policy-simulator/blob/master/derive_metrics/elec/BECF.py | I53: Utah | J53: UT
I54: Vermont | J54: VT
A55: For onshore wind, offshore wind, and solar, we use numbers from Gridlab's 2035 study | I55: Virginia | J55: VA
A56: Numbers are derived from the NREL ReEDs model | I56: Washington | J56: WA
I57: West Virginia | J57: WV
I58: Wisconsin | J58: WI
I59: Wyoming | J59: WY

Sheet NREL ATB
A1: ATB Solar - Utility PV
B2: Basis Year
B3: 2018 | C3: 2019 | D3: 2020 | E3: 2021 | F3: 2022 | G3: 2023 | H3: 2024 | I3: 2025 | J3: 2026 | K3: 2027 | L3: 2028 | M3: 2029 | N3: 2030 | O3: 2031 | P3: 2032 | Q3: 2033 | R3: 2034 | S3: 2035 | T3: 2036 | U3: 2037 | V3: 2038 | W3: 2039 | X3: 2040 | Y3: 2041 | Z3: 2042 | AA3: 2043 | AB3: 2044 | AC3: 2045 | AD3: 2046 | AE3: 2047 | AF3: 2048 | AG3: 2049 | AH3: 2050
A4: Utility PV - Seattle - Advanced | B4: 0.21802831 | C4: 0.22141786 | D4: 0.22480741 | E4: 0.22819696 | F4: 0.23158652 | G4: 0.23497607 | H4: 0.23836562 | I4: 0.24175517 | J4: 0.24514472 | K4: 0.24853428 | L4: 0.25192383 | M4: 0.25531338 | N4: 0.25870293 | O4: 0.26020969 | P4: 0.26171644 | Q4: 0.26322319 | R4: 0.26472994 | S4: 0.2662367 | T4: 0.26774345 | U4: 0.2692502 | V4: 0.27075695 | W4: 0.2722637 | X4: 0.27377046 | Y4: 0.27527721 | Z4: 0.27678396 | AA4: 0.27829071 | AB4: 0.27979747 | AC4: 0.28130422 | AD4: 0.28281097 | AE4: 0.28431772 | AF4: 0.28582448 | AG4: 0.28733123 | AH4: 0.28883798
A5: Utility PV - Seattle - Moderate | B5: 0.21802831 | C5: 0.21957153 | D5: 0.22111476 | E5: 0.22265798 | F5: 0.22420121 | G5: 0.22574444 | H5: 0.22728766 | I5: 0.22883089 | J5: 0.23037411 | K5: 0.23191734 | L5: 0.23346057 | M5: 0.23500379 | N5: 0.23654702 | O5: 0.23765481 | P5: 0.23876261 | Q5: 0.2398704 | R5: 0.2409782 | S5: 0.242086 | T5: 0.24319379 | U5: 0.24430159 | V5: 0.24540938 | W5: 0.24651718 | X5: 0.24762498 | Y5: 0.24873277 | Z5: 0.24984057 | AA5: 0.25094836 | AB5: 0.25205616 | AC5: 0.25316395 | AD5: 0.25427175 | AE5: 0.25537955 | AF5: 0.25648734 | AG5: 0.25759514 | AH5: 0.25870293
A6: Utility PV - Seattle - Conservative | B6: 0.21802831 | C6: 0.21802831 | D6: 0.21802831 | E6: 0.21802831 | F6: 0.21802831 | G6: 0.21802831 | H6: 0.21802831 | I6: 0.21802831 | J6: 0.21802831 | K6: 0.21802831 | L6: 0.21802831 | M6: 0.21802831 | N6: 0.21802831 | O6: 0.21895424 | P6: 0.21988018 | Q6: 0.22080611 | R6: 0.22173205 | S6: 0.22265798 | T6: 0.22358392 | U6: 0.22450985 | V6: 0.22543579 | W6: 0.22636173 | X6: 0.22728766 | Y6: 0.2282136 | Z6: 0.22913953 | AA6: 0.23006547 | AB6: 0.2309914 | AC6: 0.23191734 | AD6: 0.23284327 | AE6: 0.23376921 | AF6: 0.23469515 | AG6: 0.23562108 | AH6: 0.23654702
A7: Utility PV - Chicago - Advanced | B7: 0.25165533 | C7: 0.25542499 | D7: 0.25919464 | E7: 0.2629643 | F7: 0.26673396 | G7: 0.27050362 | H7: 0.27427328 | I7: 0.27804293 | J7: 0.28181259 | K7: 0.28558225 | L7: 0.28935191 | M7: 0.29312157 | N7: 0.29689122 | O7: 0.29846458 | P7: 0.30003793 | Q7: 0.30161129 | R7: 0.30318464 | S7: 0.304758 | T7: 0.30633135 | U7: 0.30790471 | V7: 0.30947806 | W7: 0.31105142 | X7: 0.31262477 | Y7: 0.31419812 | Z7: 0.31577148 | AA7: 0.31734483 | AB7: 0.31891819 | AC7: 0.32049154 | AD7: 0.3220649 | AE7: 0.32363825 | AF7: 0.32521161 | AG7: 0.32678496 | AH7: 0.32835832
A8: Utility PV - Chicago - Moderate | B8: 0.25165533 | C8: 0.25337412 | D8: 0.25509291 | E8: 0.2568117 | F8: 0.25853049 | G8: 0.26024927 | H8: 0.26196806 | I8: 0.26368685 | J8: 0.26540564 | K8: 0.26712443 | L8: 0.26884322 | M8: 0.27056201 | N8: 0.2722808 | O8: 0.27351132 | P8: 0.27474184 | Q8: 0.27597236 | R8: 0.27720288 | S8: 0.27843341 | T8: 0.27966393 | U8: 0.28089445 | V8: 0.28212497 | W8: 0.28335549 | X8: 0.28458601 | Y8: 0.28581653 | Z8: 0.28704705 | AA8: 0.28827758 | AB8: 0.2895081 | AC8: 0.29073862 | AD8: 0.29196914 | AE8: 0.29319966 | AF8: 0.29443018 | AG8: 0.2956607 | AH8: 0.29689122
A9: Utility PV - Chicago - Conservative | B9: 0.25165533 | C9: 0.25165533 | D9: 0.25165533 | E9: 0.25165533 | F9: 0.25165533 | G9: 0.25165533 | H9: 0.25165533 | I9: 0.25165533 | J9: 0.25165533 | K9: 0.25165533 | L9: 0.25165533 | M9: 0.25165533 | N9: 0.25165533 | O9: 0.2526866 | P9: 0.25371788 | Q9: 0.25474915 | R9: 0.25578042 | S9: 0.2568117 | T9: 0.25784297 | U9: 0.25887424 | V9: 0.25990552 | W9: 0.26093679 | X9: 0.26196806 | Y9: 0.26299934 | Z9: 0.26403061 | AA9: 0.26506188 | AB9: 0.26609316 | AC9: 0.26712443 | AD9: 0.26815571 | AE9: 0.26918698 | AF9: 0.27021825 | AG9: 0.27124953 | AH9: 0.2722808
A10: Utility PV - Kansas City - Advanced | B10: 0.27223835 | C10: 0.27597289 | D10: 0.27970742 | E10: 0.28344195 | F10: 0.28717649 | G10: 0.29091102 | H10: 0.29464555 | I10: 0.29838009 | J10: 0.30211462 | K10: 0.30584915 | L10: 0.30958369 | M10: 0.31331822 | N10: 0.31705275 | O10: 0.3188157 | P10: 0.32057865 | Q10: 0.32234159 | R10: 0.32410454 | S10: 0.32586749 | T10: 0.32763043 | U10: 0.32939338 | V10: 0.33115633 | W10: 0.33291928 | X10: 0.33468222 | Y10: 0.33644517 | Z10: 0.33820812 | AA10: 0.33997106 | AB10: 0.34173401 | AC10: 0.34349696 | AD10: 0.34525991 | AE10: 0.34702285 | AF10: 0.3487858 | AG10: 0.35054875 | AH10: 0.35231169
A11: Utility PV - Kansas City - Moderate | B11: 0.27223835 | C11: 0.27395061 | D11: 0.27566287 | E11: 0.27737512 | F11: 0.27908738 | G11: 0.28079964 | H11: 0.28251189 | I11: 0.28422415 | J11: 0.2859364 | K11: 0.28764866 | L11: 0.28936092 | M11: 0.29107317 | N11: 0.29278543 | O11: 0.2939988 | P11: 0.29521216 | Q11: 0.29642553 | R11: 0.29763889 | S11: 0.29885226 | T11: 0.30006563 | U11: 0.30127899 | V11: 0.30249236 | W11: 0.30370572 | X11: 0.30491909 | Y11: 0.30613246 | Z11: 0.30734582 | AA11: 0.30855919 | AB11: 0.30977256 | AC11: 0.31098592 | AD11: 0.31219929 | AE11: 0.31341265 | AF11: 0.31462602 | AG11: 0.31583939 | AH11: 0.31705275
A12: Utility PV - Kansas City - Conservative | B12: 0.27223835 | C12: 0.27223835 | D12: 0.27223835 | E12: 0.27223835 | F12: 0.27223835 | G12: 0.27223835 | H12: 0.27223835 | I12: 0.27223835 | J12: 0.27223835 | K12: 0.27223835 | L12: 0.27223835 | M12: 0.27223835 | N12: 0.27223835 | O12: 0.27326571 | P12: 0.27429306 | Q12: 0.27532042 | R12: 0.27634777 | S12: 0.27737512 | T12: 0.27840248 | U12: 0.27942983 | V12: 0.28045718 | W12: 0.28148454 | X12: 0.28251189 | Y12: 0.28353925 | Z12: 0.2845666 | AA12: 0.28559395 | AB12: 0.28662131 | AC12: 0.28764866 | AD12: 0.28867601 | AE12: 0.28970337 | AF12: 0.29073072 | AG12: 0.29175808 | AH12: 0.29278543
A13: Utility PV - Los Angeles - Advanced | B13: 0.31886897 | C13: 0.32241414 | D13: 0.3259593 | E13: 0.32950447 | F13: 0.33304964 | G13: 0.3365948 | H13: 0.34013997 | I13: 0.34368513 | J13: 0.3472303 | K13: 0.35077547 | L13: 0.35432063 | M13: 0.3578658 | N13: 0.36141097 | O13: 0.36316593 | P13: 0.36492089 | Q13: 0.36667585 | R13: 0.3684308 | S13: 0.37018576 | T13: 0.37194072 | U13: 0.37369568 | V13: 0.37545064 | W13: 0.3772056 | X13: 0.37896056 | Y13: 0.38071552 | Z13: 0.38247048 | AA13: 0.38422544 | AB13: 0.3859804 | AC13: 0.38773536 | AD13: 0.38949032 | AE13: 0.39124528 | AF13: 0.39300024 | AG13: 0.3947552 | AH13: 0.39651016
A14: Utility PV - Los Angeles - Moderate | B14: 0.31886897 | C14: 0.32051742 | D14: 0.32216587 | E14: 0.32381432 | F14: 0.32546277 | G14: 0.32711122 | H14: 0.32875968 | I14: 0.33040813 | J14: 0.33205658 | K14: 0.33370503 | L14: 0.33535348 | M14: 0.33700193 | N14: 0.33865038 | O14: 0.33978841 | P14: 0.34092644 | Q14: 0.34206447 | R14: 0.3432025 | S14: 0.34434053 | T14: 0.34547856 | U14: 0.34661659 | V14: 0.34775461 | W14: 0.34889264 | X14: 0.35003067 | Y14: 0.3511687 | Z14: 0.35230673 | AA14: 0.35344476 | AB14: 0.35458279 | AC14: 0.35572082 | AD14: 0.35685885 | AE14: 0.35799688 | AF14: 0.35913491 | AG14: 0.36027294 | AH14: 0.36141097
A15: Utility PV - Los Angeles - Conservative | B15: 0.31886897 | C15: 0.31886897 | D15: 0.31886897 | E15: 0.31886897 | F15: 0.31886897 | G15: 0.31886897 | H15: 0.31886897 | I15: 0.31886897 | J15: 0.31886897 | K15: 0.31886897 | L15: 0.31886897 | M15: 0.31886897 | N15: 0.31886897 | O15: 0.31985804 | P15: 0.32084711 | Q15: 0.32183618 | R15: 0.32282525 | S15: 0.32381432 | T15: 0.32480339 | U15: 0.32579246 | V15: 0.32678153 | W15: 0.3277706 | X15: 0.32875968 | Y15: 0.32974875 | Z15: 0.33073782 | AA15: 0.33172689 | AB15: 0.33271596 | AC15: 0.33370503 | AD15: 0.3346941 | AE15: 0.33568317 | AF15: 0.33667224 | AG15: 0.33766131 | AH15: 0.33865038
... A18: Utility PV - Daggett, CA - Conservative | B18: 0.35146192 | C18: 0.35146192 | D18: 0.35146192 | E18: 0.35146192 | F18: 0.35146192 | G18: 0.35146192 | H18: 0.35146192 | I18: 0.35146192 | J18: 0.35146192 | K18: 0.35146192 | L18: 0.35146192 | M18: 0.35146192 | N18: 0.35146192 | O18: 0.35250097 | P18: 0.35354002 | Q18: 0.35457908 | R18: 0.35561813 | S18: 0.35665718 | T18: 0.35769624 | U18: 0.35873529 | V18: 0.35977434 | W18: 0.3608134 | X18: 0.36185245 | Y18: 0.3628915 | Z18: 0.36393056 | AA18: 0.36496961 | AB18: 0.36600866 | AC18: 0.36704772 | AD18: 0.36808677 | AE18: 0.36912582 | AF18: 0.37016487 | AG18: 0.37120393 | AH18: 0.37224298
A20: Average | B20: =AVERAGE(B4:B18) | C20: =AVERAGE(C4:C18) | D20: =AVERAGE(D4:D18) | E20: =AVERAGE(E4:E18) | F20: =AVERAGE(F4:F18) | G20: =AVERAGE(G4:G18) | H20: =AVERAGE(H4:H18) | I20: =AVERAGE(I4:I18) | ... AH20: =AVERAGE(AH4:AH18)
A22: ATB Solar Thermal
B23: 2018 | C23: 2019 | D23: 2020 | E23: 2021 | F23: 2022 | G23: 2023 | H23: 2024 | I23: 2025 | J23: 2026 | K23: 2027 | L23: 2028 | M23: 2029 | N23: 2030 | O23: 2031 | P23: 2032 | Q23: 2033 | R23: 2034 | S23: 2035 | T23: 2036 | U23: 2037 | V23: 2038 | W23: 2039 | X23: 2040 | Y23: 2041 | Z23: 2042 | AA23: 2043 | AB23: 2044 | AC23: 2045 | AD23: 2046 | AE23: 2047 | AF23: 2048 | AG23: 2049 | AH23: 2050
A24: 10hrs TES - Class 1 - Advanced | B24: 0.504 | C24: 0.504 | D24: 0.504 | E24: 0.504 | F24: 0.504 | G24: 0.504 | H24: 0.504 | I24: 0.504 | J24: 0.504 | K24: 0.504 | L24: 0.504 | M24: 0.504 | N24: 0.504 | O24: 0.504 | P24: 0.504 | Q24: 0.504 | R24: 0.504 | S24: 0.504 | T24: 0.504 | U24: 0.504 | V24: 0.504 | W24: 0.504 | X24: 0.504 | Y24: 0.504 | Z24: 0.504 | AA24: 0.504 | AB24: 0.504 | AC24: 0.504 | AD24: 0.504 | AE24: 0.504 | AF24: 0.504 | AG24: 0.504 | AH24: 0.504
A25: 10hrs TES - Class 1 - Moderate | B25: 0.504 | C25: 0.504 | D25: 0.504 | E25: 0.504 | F25: 0.504 | G25: 0.504 | H25: 0.504 | I25: 0.504 | J25: 0.504 | K25: 0.504 | L25: 0.504 | M25: 0.504 | N25: 0.504 | O25: 0.504 | P25: 0.504 | Q25: 0.504 | R25: 0.504 | S25: 0.504 | T25: 0.504 | U25: 0.504 | V25: 0.504 | W25: 0.504 | X25: 0.504 | Y25: 0.504 | Z25: 0.504 | AA25: 0.504 | AB25: 0.504 | AC25: 0.504 | AD25: 0.504 | AE25: 0.504 | AF25: 0.504 | AG25: 0.504 | AH25: 0.504
A26: 10hrs TES - Class 1 - Conservative | B26: 0.504 | C26: 0.504 | D26: 0.504 | E26: 0.504 | F26: 0.504 | G26: 0.504 | H26: 0.504 | I26: 0.504 | J26: 0.504 | K26: 0.504 | L26: 0.504 | M26: 0.504 | N26: 0.504 | O26: 0.504 | P26: 0.504 | Q26: 0.504 | R26: 0.504 | S26: 0.504 | T26: 0.504 | U26: 0.504 | V26: 0.504 | W26: 0.504 | X26: 0.504 | Y26: 0.504 | Z26: 0.504 | AA26: 0.504 | AB26: 0.504 | AC26: 0.504 | AD26: 0.504 | AE26: 0.504 | AF26: 0.504 | AG26: 0.504 | AH26: 0.504
A27: 10hrs TES - Class 3 - Advanced | B27: 0.612 | C27: 0.612 | D27: 0.612 | E27: 0.612 | F27: 0.612 | G27: 0.612 | H27: 0.612 | I27: 0.612 | J27: 0.612 | K27: 0.612 | L27: 0.612 | M27: 0.612 | N27: 0.612 | O27: 0.612 | P27: 0.612 | Q27: 0.612 | R27: 0.612 | S27: 0.612 | T27: 0.612 | U27: 0.612 | V27: 0.612 | W27: 0.612 | X27: 0.612 | Y27: 0.612 | Z27: 0.612 | AA27: 0.612 | AB27: 0.612 | AC27: 0.612 | AD27: 0.612 | AE27: 0.612 | AF27: 0.612 | AG27: 0.612 | AH27: 0.612
A28: 10hrs TES - Class 3 - Moderate | B28: 0.612 | C28: 0.612 | D28: 0.612 | E28: 0.612 | F28: 0.612 | G28: 0.612 | H28: 0.612 | I28: 0.612 | J28: 0.612 | K28: 0.612 | L28: 0.612 | M28: 0.612 | N28: 0.612 | O28: 0.612 | P28: 0.612 | Q28: 0.612 | R28: 0.612 | S28: 0.612 | T28: 0.612 | U28: 0.612 | V28: 0.612 | W28: 0.612 | X28: 0.612 | Y28: 0.612 | Z28: 0.612 | AA28: 0.612 | AB28: 0.612 | AC28: 0.612 | AD28: 0.612 | AE28: 0.612 | AF28: 0.612 | AG28: 0.612 | AH28: 0.612
A29: 10hrs TES - Class 3 - Conservative | B29: 0.612 | C29: 0.612 | D29: 0.612 | E29: 0.612 | F29: 0.612 | G29: 0.612 | H29: 0.612 | I29: 0.612 | J29: 0.612 | K29: 0.612 | L29: 0.612 | M29: 0.612 | N29: 0.612 | O29: 0.612 | P29: 0.612 | Q29: 0.612 | R29: 0.612 | S29: 0.612 | T29: 0.612 | U29: 0.612 | V29: 0.612 | W29: 0.612 | X29: 0.612 | Y29: 0.612 | Z29: 0.612 | AA29: 0.612 | AB29: 0.612 | AC29: 0.612 | AD29: 0.612 | AE29: 0.612 | AF29: 0.612 | AG29: 0.612 | AH29: 0.612
A30: 10hrs TES - Class 5 - Advanced | B30: 0.638 | C30: 0.638 | D30: 0.638 | E30: 0.638 | F30: 0.638 | G30: 0.638 | H30: 0.638 | I30: 0.638 | J30: 0.638 | K30: 0.638 | L30: 0.638 | M30: 0.638 | N30: 0.638 | O30: 0.638 | P30: 0.638 | Q30: 0.638 | R30: 0.638 | S30: 0.638 | T30: 0.638 | U30: 0.638 | V30: 0.638 | W30: 0.638 | X30: 0.638 | Y30: 0.638 | Z30: 0.638 | AA30: 0.638 | AB30: 0.638 | AC30: 0.638 | AD30: 0.638 | AE30: 0.638 | AF30: 0.638 | AG30: 0.638 | AH30: 0.638
A31: 10hrs TES - Class 5 - Moderate | B31: 0.638 | C31: 0.638 | D31: 0.638 | E31: 0.638 | F31: 0.638 | G31: 0.638 | H31: 0.638 | I31: 0.638 | J31: 0.638 | K31: 0.638 | L31: 0.638 | M31: 0.638 | N31: 0.638 | O31: 0.638 | P31: 0.638 | Q31: 0.638 | R31: 0.638 | S31: 0.638 | T31: 0.638 | U31: 0.638 | V31: 0.638 | W31: 0.638 | X31: 0.638 | Y31: 0.638 | Z31: 0.638 | AA31: 0.638 | AB31: 0.638 | AC31: 0.638 | AD31: 0.638 | AE31: 0.638 | AF31: 0.638 | AG31: 0.638 | AH31: 0.638
A32: 10hrs TES - Class 5 - Conservative | B32: 0.638 | C32: 0.638 | D32: 0.638 | E32: 0.638 | F32: 0.638 | G32: 0.638 | H32: 0.638 | I32: 0.638 | J32: 0.638 | K32: 0.638 | L32: 0.638 | M32: 0.638 | N32: 0.638 | O32: 0.638 | P32: 0.638 | Q32: 0.638 | R32: 0.638 | S32: 0.638 | T32: 0.638 | U32: 0.638 | V32: 0.638 | W32: 0.638 | X32: 0.638 | Y32: 0.638 | Z32: 0.638 | AA32: 0.638 | AB32: 0.638 | AC32: 0.638 | AD32: 0.638 | AE32: 0.638 | AF32: 0.638 | AG32: 0.638 | AH32: 0.638
A35: ATB Onshore Wind
B36: 2018 | C36: 2019 | D36: 2020 | E36: 2021 | F36: 2022 | G36: 2023 | H36: 2024 | I36: 2025 | J36: 2026 | K36: 2027 | L36: 2028 | M36: 2029 | N36: 2030 | O36: 2031 | P36: 2032 | Q36: 2033 | R36: 2034 | S36: 2035 | T36: 2036 | U36: 2037 | V36: 2038 | W36: 2039 | X36: 2040 | Y36: 2041 | Z36: 2042 | AA36: 2043 | AB36: 2044 | AC36: 2045 | AD36: 2046 | AE36: 2047 | AF36: 2048 | AG36: 2049 | AH36: 2050
A37: Class 1 - Advanced | B37: 0.521036 | C37: 0.52499633 | D37: 0.52895667 | E37: 0.532917 | F37: 0.53687733 | G37: 0.54083767 | H37: 0.544798 | I37: 0.54875833 | J37: 0.55271867 | K37: 0.556679 | L37: 0.56063933 | M37: 0.56459967 | N37: 0.56856 | O37: 0.56912856 | P37: 0.56969712 | Q37: 0.57026568 | R37: 0.57083424 | S37: 0.5714028 | T37: 0.57197136 | U37: 0.57253992 | V37: 0.57310848 | W37: 0.57367704 | X37: 0.5742456 | Y37: 0.57481416 | Z37: 0.57538272 | AA37: 0.57595128 | AB37: 0.57651984 | AC37: 0.5770884 | AD37: 0.57765696 | AE37: 0.57822552 | AF37: 0.57879408 | AG37: 0.57936264 | AH37: 0.5799312
A38: Class 1 - Moderate | B38: 0.521036 | C38: 0.52281058 | D38: 0.52458517 | E38: 0.52635975 | F38: 0.52813433 | G38: 0.52990892 | H38: 0.5316835 | I38: 0.53345808 | J38: 0.53523267 | K38: 0.53700725 | L38: 0.53878183 | M38: 0.54055642 | N38: 0.542331 | O38: 0.54260217 | P38: 0.54287333 | Q38: 0.5431445 | R38: 0.54341566 | S38: 0.54368683 | T38: 0.54395799 | U38: 0.54422916 | V38: 0.54450032 | W38: 0.54477149 | X38: 0.54504265 | Y38: 0.54531382 | Z38: 0.54558499 | AA38: 0.54585615 | AB38: 0.54612732 | AC38: 0.54639848 | AD38: 0.54666965 | AE38: 0.54694081 | AF38: 0.54721198 | AG38: 0.54748314 | AH38: 0.54775431
A39: Class 1 - Conservative | B39: 0.521036 | C39: 0.52003258 | D39: 0.51902917 | E39: 0.51802575 | F39: 0.51702233 | G39: 0.51601892 | H39: 0.5150155 | I39: 0.51401208 | J39: 0.51300867 | K39: 0.51200525 | L39: 0.51100183 | M39: 0.50999842 | N39: 0.508995 | O39: 0.50912225 | P39: 0.5092495 | Q39: 0.50937675 | R39: 0.50950399 | S39: 0.50963124 | T39: 0.50975849 | U39: 0.50988574 | V39: 0.51001299 | W39: 0.51014024 | X39: 0.51026749 | Y39: 0.51039474 | Z39: 0.51052198 | AA39: 0.51064923 | AB39: 0.51077648 | AC39: 0.51090373 | AD39: 0.51103098 | AE39: 0.51115823 | AF39: 0.51128548 | AG39: 0.51141273 | AH39: 0.51153997
A40: Class 2 - Advanced | B40: 0.467398 | C40: 0.47223067 | D40: 0.47706333 | E40: 0.481896 | F40: 0.48672867 | G40: 0.49156133 | H40: 0.496394 | I40: 0.50122667 | J40: 0.50605933 | K40: 0.510892 | L40: 0.51572467 | M40: 0.52055733 | N40: 0.52539 | O40: 0.52617808 | P40: 0.52696617 | Q40: 0.52775425 | R40: 0.52854234 | S40: 0.52933043 | T40: 0.53011851 | U40: 0.5309066 | V40: 0.53169468 | W40: 0.53248277 | X40: 0.53327085 | Y40: 0.53405894 | Z40: 0.53484702 | AA40: 0.53563511 | AB40: 0.53642319 | AC40: 0.53721127 | AD40: 0.53799936 | AE40: 0.53878744 | AF40: 0.53957553 | AG40: 0.54036361 | AH40: 0.5411517
A41: Class 2 - Moderate | B41: 0.467398 | C41: 0.46998767 | D41: 0.47257733 | E41: 0.475167 | F41: 0.47775667 | G41: 0.48034633 | H41: 0.482936 | I41: 0.48552567 | J41: 0.48811533 | K41: 0.490705 | L41: 0.49329467 | M41: 0.49588433 | N41: 0.498474 | O41: 0.49884786 | P41: 0.49922171 | Q41: 0.49959557 | R41: 0.49996942 | S41: 0.50034328 | T41: 0.50071713 | U41: 0.50109099 | V41: 0.50146484 | W41: 0.5018387 | X41: 0.50221255 | Y41: 0.50258641 | Z41: 0.50296027 | AA41: 0.50333412 | AB41: 0.50370798 | AC41: 0.50408183 | AD41: 0.50445569 | AE41: 0.50482954 | AF41: 0.5052034 | AG41: 0.50557725 | AH41: 0.50595111
A42: Class 2 - Conservative | B42: 0.467398 | C42: 0.467337 | D42: 0.467276 | E42: 0.467215 | F42: 0.467154 | G42: 0.467093 | H42: 0.467032 | I42: 0.466971 | J42: 0.46691 | K42: 0.466849 | L42: 0.466788 | M42: 0.466727 | N42: 0.466666 | O42: 0.466841 | P42: 0.467016 | Q42: 0.467191 | R42: 0.467366 | S42: 0.467541 | T42: 0.467716 | U42: 0.467891 | V42: 0.468066 | W42: 0.468241 | X42: 0.468416 | Y42: 0.468591 | Z42: 0.468766 | AA42: 0.468941 | AB42: 0.469116 | AC42: 0.469291 | AD42: 0.469466 | AE42: 0.469641 | AF42: 0.469816 | AG42: 0.469991 | AH42: 0.470166
A43: Class 3 - Advanced | B43: 0.446015 | C43: 0.45147075 | D43: 0.4569265 | E43: 0.46238225 | F43: 0.467838 | G43: 0.47329375 | H43: 0.4787495 | I43: 0.48420525 | J43: 0.489661 | K43: 0.49511675 | L43: 0.5005725 | M43: 0.50602825 | N43: 0.511484 | O43: 0.51250697 | P43: 0.51352994 | Q43: 0.5145529 | R43: 0.51557587 | S43: 0.51659884 | T43: 0.51762181 | U43: 0.51864478 | V43: 0.51966774 | W43: 0.52069071 | X43: 0.52171368 | Y43: 0.52273665 | Z43: 0.52375962 | AA43: 0.52478258 | AB43: 0.52580555 | AC43: 0.52682852 | AD43: 0.52785149 | AE43: 0.52887446 | AF43: 0.52989742 | AG43: 0.53092039 | AH43: 0.53194336
A44: Class 3 - Moderate | B44: 0.446015 | C44: 0.44923592 | D44: 0.45245683 | E44: 0.45567775 | F44: 0.45889867 | G44: 0.46211958 | H44: 0.4653405 | I44: 0.46856142 | J44: 0.47178233 | K44: 0.47500325 | L44: 0.47822417 | M44: 0.48144508 | N44: 0.484666 | O44: 0.48515067 | P44: 0.48563533 | Q44: 0.48612 | R44: 0.48660466 | S44: 0.48708933 | T44: 0.487574 | U44: 0.48805866 | V44: 0.48854333 | W44: 0.48902799 | X44: 0.48951266 | Y44: 0.48999733 | Z44: 0.49048199 | AA44: 0.49096666 | AB44: 0.49145132 | AC44: 0.49193599 | AD44: 0.49242066 | AE44: 0.49290532 | AF44: 0.49338999 | AG44: 0.49387465 | AH44: 0.49435932
A45: Class 3 - Conservative | B45: 0.446015 | C45: 0.44662708 | D45: 0.44723917 | E45: 0.44785125 | F45: 0.44846333 | G45: 0.44907542 | H45: 0.4496875 | I45: 0.45029958 | J45: 0.45091167 | K45: 0.45152375 | L45: 0.45213583 | M45: 0.45274792 | N45: 0.45336 | O45: 0.45358668 | P45: 0.45381336 | Q45: 0.45404004 | R45: 0.45426672 | S45: 0.4544934 | T45: 0.45472008 | U45: 0.45494676 | V45: 0.45517344 | W45: 0.45540012 | X45: 0.4556268 | Y45: 0.45585348 | Z45: 0.45608016 | AA45: 0.45630684 | AB45: 0.45653352 | AC45: 0.4567602 | AD45: 0.45698688 | AE45: 0.45721356 | AF45: 0.45744024 | AG45: 0.45766692 | AH45: 0.4578936
A46: Class 4 - Advanced | B46: 0.428546 | C46: 0.43429175 | D46: 0.4400375 | E46: 0.44578325 | F46: 0.451529 | G46: 0.45727475 | H46: 0.4630205 | I46: 0.46876625 | J46: 0.474512 | K46: 0.48025775 | L46: 0.4860035 | M46: 0.49174925 | N46: 0.497495 | O46: 0.49873874 | P46: 0.49998247 | Q46: 0.50122621 | R46: 0.50246995 | S46: 0.50371369 | T46: 0.50495743 | U46: 0.50620116 | V46: 0.5074449 | W46: 0.50868864 | X46: 0.50993237 | Y46: 0.51117611 | Z46: 0.51241985 | AA46: 0.51366359 | AB46: 0.51490733 | AC46: 0.51615106 | AD46: 0.5173948 | AE46: 0.51863854 | AF46: 0.51988228 | AG46: 0.52112601 | AH46: 0.52236975
A47: Class 4 - Moderate | B47: 0.428546 | C47: 0.43205117 | D47: 0.43555633 | E47: 0.4390615 | F47: 0.44256667 | G47: 0.44607183 | H47: 0.449577 | I47: 0.45308217 | J47: 0.45658733 | K47: 0.4600925 | L47: 0.46359767 | M47: 0.46710283 | N47: 0.470608 | O47: 0.47119626 | P47: 0.47178452 | Q47: 0.47237278 | R47: 0.47296104 | S47: 0.4735493 | T47: 0.47413756 | U47: 0.47472582 | V47: 0.47531408 | W47: 0.47590234 | X47: 0.4764906 | Y47: 0.47707886 | Z47: 0.47766712 | AA47: 0.47825538 | AB47: 0.47884364 | AC47: 0.4794319 | AD47: 0.48002016 | AE47: 0.48060842 | AF47: 0.48119668 | AG47: 0.48178494 | AH47: 0.4823732
A48: Class 4 - Conservative | B48: 0.428546 | C48: 0.42950042 | D48: 0.43045483 | E48: 0.43140925 | F48: 0.43236367 | G48: 0.43331808 | H48: 0.4342725 | I48: 0.43522692 | J48: 0.43618133 | K48: 0.43713575 | L48: 0.43809017 | M48: 0.43904458 | N48: 0.439999 | O48: 0.440274 | P48: 0.440549 | Q48: 0.440824 | R48: 0.441099 | S48: 0.441374 | T48: 0.441649 | U48: 0.441924 | V48: 0.44219899 | W48: 0.44247399 | X48: 0.44274899 | Y48: 0.44302399 | Z48: 0.44329899 | AA48: 0.44357399 | AB48: 0.44384899 | AC48: 0.44412399 | AD48: 0.44439899 | AE48: 0.44467399 | AF48: 0.44494899 | AG48: 0.44522399 | AH48: 0.44549899
... A66: Class 10 - Conservative | B66: 0.1649 | C66: 0.16561867 | D66: 0.16633733 | E66: 0.167056 | F66: 0.16777467 | G66: 0.16849333 | H66: 0.169212 | I66: 0.16993067 | J66: 0.17064933 | K66: 0.171368 | L66: 0.17208667 | M66: 0.17280533 | N66: 0.173524 | O66: 0.1737626 | P66: 0.17400119 | Q66: 0.17423979 | R66: 0.17447838 | S66: 0.17471698 | T66: 0.17495557 | U66: 0.17519417 | V66: 0.17543276 | W66: 0.17567136 | X66: 0.17590996 | Y66: 0.17614855 | Z66: 0.17638715 | AA66: 0.17662574 | AB66: 0.17686434 | AC66: 0.17710293 | AD66: 0.17734153 | AE66: 0.17758012 | AF66: 0.17781872 | AG66: 0.17805731 | AH66: 0.17829591
A68: Land-Based Wind Techno-Resource Groups (TRG)
A69: Techno-Resource Group (TRG) | B69: Wind Speed Range (m/s) | C69: Weighted Average Wind Speed (m/s) | D69: Potential Wind Plant Capacity (GW)
G70: =B36 | H70: =C36 | I70: =D36 | J70: =E36 | K70: =F36 | L70: =G36 | M70: =H36 | N70: =I36 | ... AM70: =AH36
A71: Class1 | B71: > 9.0 | C71: 9.5 | D71: 153 | F71: =A38 | G71: =B38 | H71: =C38 | I71: =D38 | J71: =E38 | K71: =F38 | L71: =G38 | M71: =H38 | ... AM71: =AH38
A72: Class2 | B72: 8.8 - 9.0 | C72: 8.9 | D72: 152 | F72: =A41 | G72: =B41 | H72: =C41 | I72: =D41 | J72: =E41 | K72: =F41 | L72: =G41 | M72: =H41 | ... AM72: =AH41
A73: Class3 | B73: 8.6 - 8.8 | C73: 8.7 | D73: 304 | F73: =A44 | G73: =B44 | H73: =C44 | I73: =D44 | J73: =E44 | K73: =F44 | L73: =G44 | M73: =H44 | ... AM73: =AH44
A74: Class4 | B74: 8.4 - 8.6 | C74: 8.5 | D74: 606 | F74: =A47 | G74: =B47 | H74: =C47 | I74: =D47 | J74: =E47 | K74: =F47 | L74: =G47 | M74: =H47 | ... AM74: =AH47
A75: Class5 | B75: 8.1 - 8.4 | C75: 8.2 | D75: 1222
A76: Class6 | B76: 7.6 - 8.1 | C76: 7.8 | D76: 2404
A77: Class7 | B77: 7.1 - 7.6 | C77: 7.4 | D77: 2444
A78: Class8 | B78: 6.5 - 7.1 | C78: 6.8 | D78: 2441
A79: Class9 | B79: 5.9 - 6.5 | C79: 6.2 | D79: 2406 | F79: Weighted average of first 4 classes | G79: =SUMPRODUCT(G71:G74,$D$71:$D$74)/SUM($D$71:$D$74) | H79: =SUMPRODUCT(H71:H74,$D$71:$D$74)/SUM($D$71:$D$74) | I79: =SUMPRODUCT(I71:I74,$D$71:$D$74)/SUM($D$71:$D$74) | J79: =SUMPRODUCT(J71:J74,$D$71:$D$74)/SUM($D$71:$D$74) | K79: =SUMPRODUCT(K71:K74,$D$71:$D$74)/SUM($D$71:$D$74) | L79: =SUMPRODUCT(L71:L74,$D$71:$D$74)/SUM($D$71:$D$74) | M79: =SUMPRODUCT(M71:M74,$D$71:$D$74)/SUM($D$71:$D$74) | N79: =SUMPRODUCT(N71:N74,$D$71:$D$74)/SUM($D$71:$D$74) | ... AM79: =SUMPRODUCT(AM71:AM74,$D$71:$D$74)/SUM($D$71:$D$74)
A80: Class10 | B80: 0 - 5.9 | C80: 5.2 | D80: 3044
A81: Total | D81: 15176
A83: ATB Offshore Wind
B84: 2018 | C84: 2019 | D84: 2020 | E84: 2021 | F84: 2022 | G84: 2023 | H84: 2024 | I84: 2025 | J84: 2026 | K84: 2027 | L84: 2028 | M84: 2029 | N84: 2030 | O84: 2031 | P84: 2032 | Q84: 2033 | R84: 2034 | S84: 2035 | T84: 2036 | U84: 2037 | V84: 2038 | W84: 2039 | X84: 2040 | Y84: 2041 | Z84: 2042 | AA84: 2043 | AB84: 2044 | AC84: 2045 | AD84: 2046 | AE84: 2047 | AF84: 2048 | AG84: 2049 | AH84: 2050
A85: Class 1 - Advanced | B85: 0.43887555 | C85: 0.4518621 | D85: 0.4594953 | E85: 0.46492618 | F85: 0.46914692 | G85: 0.47260069 | H85: 0.47552437 | I85: 0.47805958 | J85: 0.48029777 | K85: 0.48230146 | L85: 0.48411526 | M85: 0.48577218 | N85: 0.48729726 | O85: 0.48871 | P85: 0.49002586 | Q85: 0.49125732 | R85: 0.49241458 | S85: 0.4935061 | T85: 0.49453897 | U85: 0.4955192 | V85: 0.49645189 | W85: 0.49734147 | X85: 0.49819174 | Y85: 0.49900606 | Z85: 0.49978735 | AA85: 0.50053818 | AB85: 0.50126085 | AC85: 0.50195741 | AD85: 0.50262967 | AE85: 0.50327929 | AF85: 0.50390774 | AG85: 0.50451636 | AH85: 0.50510637
A86: Class 1 - Moderate | B86: 0.43887555 | C86: 0.44969767 | D86: 0.45602821 | E86: 0.46051979 | F86: 0.46400374 | G86: 0.46685033 | H86: 0.46925709 | I86: 0.47134191 | J86: 0.47318086 | K86: 0.47482586 | L86: 0.47631394 | M86: 0.47767245 | N86: 0.47892216 | O86: 0.48007921 | P86: 0.48115639 | Q86: 0.48216403 | R86: 0.48311057 | S86: 0.48400298 | T86: 0.48484714 | U86: 0.48564798 | V86: 0.48640974 | W86: 0.48713606 | X86: 0.48783008 | Y86: 0.48849457 | Z86: 0.48913192 | AA86: 0.48974428 | AB86: 0.49033352 | AC86: 0.49090133 | AD86: 0.49144921 | AE86: 0.49197851 | AF86: 0.49249046 | AG86: 0.49298615 | AH86: 0.49346659
A87: Class 1 - Conservative | B87: 0.43887555 | C87: 0.44428661 | D87: 0.44741379 | E87: 0.44961716 | F87: 0.4513179 | G87: 0.45270228 | H87: 0.45386919 | I87: 0.45487742 | J87: 0.45576478 | K87: 0.456557 | L87: 0.45727241 | M87: 0.45792451 | N87: 0.45852353 | O87: 0.45907742 | P87: 0.45959245 | Q87: 0.46007369 | R87: 0.46052528 | S87: 0.46095062 | T87: 0.4613526 | U87: 0.46173361 | V87: 0.46209574 | W87: 0.46244075 | X87: 0.46277017 | Y87: 0.46308534 | Z87: 0.46338744 | AA87: 0.4636775 | AB87: 0.46395644 | AC87: 0.46422508 | AD87: 0.46448413 | AE87: 0.46473426 | AF87: 0.46497606 | AG87: 0.46521006 | AH87: 0.46543675
A88: Class 2 - Advanced | B88: 0.42768692 | C88: 0.44034238 | D88: 0.44778099 | E88: 0.45307341 | F88: 0.45718655 | G88: 0.46055227 | H88: 0.46340142 | I88: 0.46587199 | J88: 0.46805312 | K88: 0.47000572 | L88: 0.47177329 | M88: 0.47338796 | N88: 0.47487416 | O88: 0.47625089 | P88: 0.4775332 | Q88: 0.47873327 | R88: 0.47986102 | S88: 0.48092472 | T88: 0.48193126 | U88: 0.48288649 | V88: 0.48379541 | W88: 0.48466231 | X88: 0.48549091 | Y88: 0.48628446 | Z88: 0.48704583 | AA88: 0.48777752 | AB88: 0.48848177 | AC88: 0.48916057 | AD88: 0.48981569 | AE88: 0.49044875 | AF88: 0.49106118 | AG88: 0.49165428 | AH88: 0.49222925
A89: Class 2 - Moderate | B89: 0.42768692 | C89: 0.43823314 | D89: 0.44440228 | E89: 0.44877936 | F89: 0.45217449 | G89: 0.45494851 | H89: 0.45729391 | I89: 0.45932558 | J89: 0.46111765 | K89: 0.46272071 | L89: 0.46417085 | M89: 0.46549473 | N89: 0.46671258 | O89: 0.46784013 | P89: 0.46888985 | Q89: 0.46987181 | R89: 0.47079421 | S89: 0.47166387 | T89: 0.4724865 | U89: 0.47326693 | V89: 0.47400927 | W89: 0.47471707 | X89: 0.47539341 | Y89: 0.47604095 | Z89: 0.47666206 | AA89: 0.4772588 | AB89: 0.47783302 | AC89: 0.47838635 | AD89: 0.47892026 | AE89: 0.47943608 | AF89: 0.47993497 | AG89: 0.48041803 | AH89: 0.48088622
A90: Class 2 - Conservative | B90: 0.42768692 | C90: 0.43296003 | D90: 0.43600748 | E90: 0.43815468 | F90: 0.43981205 | G90: 0.44116114 | H90: 0.4422983 | I90: 0.44328083 | J90: 0.44414557 | K90: 0.44491759 | L90: 0.44561477 | M90: 0.44625024 | N90: 0.44683399 | O90: 0.44737376 | P90: 0.44787566 | Q90: 0.44834463 | R90: 0.4487847 | S90: 0.44919921 | T90: 0.44959093 | U90: 0.44996224 | V90: 0.45031513 | W90: 0.45065134 | X90: 0.45097236 | Y90: 0.4512795 | Z90: 0.4515739 | AA90: 0.45185657 | AB90: 0.4521284 | AC90: 0.45239018 | AD90: 0.45264263 | AE90: 0.45288639 | AF90: 0.45312202 | AG90: 0.45335005 | AH90: 0.45357096
A91: Class 3 - Advanced | B91: 0.43088381 | C91: 0.44363387 | D91: 0.45112808 | E91: 0.45646007 | F91: 0.46060394 | G91: 0.46399482 | H91: 0.46686527 | I91: 0.46935431 | J91: 0.47155174 | K91: 0.47351894 | L91: 0.47529972 | M91: 0.47692646 | N91: 0.47842377 | O91: 0.47981079 | P91: 0.48110269 | Q91: 0.48231172 | R91: 0.48344791 | S91: 0.48451956 | T91: 0.48553362 | U91: 0.48649599 | V91: 0.4874117 | W91: 0.48828508 | X91: 0.48911988 | Y91: 0.48991936 | Z91: 0.49068642 | AA91: 0.49142358 | AB91: 0.49213309 | AC91: 0.49281696 | AD91: 0.49347699 | AE91: 0.49411478 | AF91: 0.49473178 | AG91: 0.49532932 | AH91: 0.49590859
A92: Class 3 - Moderate | B92: 0.43088381 | C92: 0.44150886 | D92: 0.44772412 | E92: 0.45213392 | F92: 0.45555442 | G92: 0.45834917 | H92: 0.4607121 | I92: 0.46275897 | J92: 0.46456443 | K92: 0.46617947 | L92: 0.46764045 | M92: 0.46897423 | N92: 0.47020118 | O92: 0.47133716 | P92: 0.47239473 | Q92: 0.47338402 | R92: 0.47431332 | S92: 0.47518949 | T92: 0.47601827 | U92: 0.47680453 | V92: 0.47755242 | W92: 0.47826551 | X92: 0.4789469 | Y92: 0.47959928 | Z92: 0.48022503 | AA92: 0.48082623 | AB92: 0.48140474 | AC92: 0.48196221 | AD92: 0.48250012 | AE92: 0.48301978 | AF92: 0.48352241 | AG92: 0.48400908 | AH92: 0.48448077
A93: Class 3 - Conservative | B93: 0.43088381 | C93: 0.43619633 | D93: 0.43926657 | E93: 0.44142982 | F93: 0.44309958 | G93: 0.44445875 | H93: 0.44560441 | I93: 0.44659429 | J93: 0.44746548 | K93: 0.44824328 | L93: 0.44894567 | M93: 0.44958589 | N93: 0.45017401 | O93: 0.45071781 | P93: 0.45122346 | Q93: 0.45169594 | R93: 0.4521393 | S93: 0.4525569 | T93: 0.45295155 | U93: 0.45332563 | V93: 0.45368116 | W93: 0.45401989 | X93: 0.45434331 | Y93: 0.45465275 | Z93: 0.45494935 | AA93: 0.45523413 | AB93: 0.45550799 | AC93: 0.45577173 | AD93: 0.45602606 | AE93: 0.45627164 | AF93: 0.45650904 | AG93: 0.45673877 | AH93: 0.45696133
A94: Class 4 - Advanced | B94: 0.4289237 | C94: 0.44161577 | D94: 0.44907588 | E94: 0.45438361 | F94: 0.45850864 | G94: 0.4618841 | H94: 0.46474148 | I94: 0.4672192 | J94: 0.46940664 | K94: 0.47136489 | L94: 0.47313757 | M94: 0.47475691 | N94: 0.47624741 | O94: 0.47762811 | P94: 0.47891413 | Q94: 0.48011767 | R94: 0.48124869 | S94: 0.48231546 | T94: 0.48332491 | U94: 0.48428291 | V94: 0.48519445 | W94: 0.48606385 | X94: 0.48689485 | Y94: 0.48769071 | Z94: 0.48845427 | AA94: 0.48918808 | AB94: 0.48989436 | AC94: 0.49057512 | AD94: 0.49123215 | AE94: 0.49186703 | AF94: 0.49248123 | AG94: 0.49307605 | AH94: 0.49365268
A95: Class 4 - Moderate | B95: 0.4289237 | C95: 0.43950042 | D95: 0.44568741 | E95: 0.45007714 | F95: 0.45348209 | G95: 0.45626413 | H95: 0.45861631 | I95: 0.46065386 | J95: 0.46245111 | K95: 0.46405881 | L95: 0.46551314 | M95: 0.46684085 | N95: 0.46806222 | O95: 0.46919303 | P95: 0.47024579 | Q95: 0.47123058 | R95: 0.47215565 | S95: 0.47302783 | T95: 0.47385284 | U95: 0.47463553 | V95: 0.47538002 | W95: 0.47608986 | X95: 0.47676815 | Y95: 0.47741757 | Z95: 0.47804047 | AA95: 0.47863894 | AB95: 0.47921482 | AC95: 0.47976975 | AD95: 0.48030521 | AE95: 0.48082251 | AF95: 0.48132285 | AG95: 0.4818073 | AH95: 0.48227685
A96: Class 4 - Conservative | B96: 0.4289237 | C96: 0.43421206 | D96: 0.43726833 | E96: 0.43942174 | F96: 0.44108391 | G96: 0.4424369 | H96: 0.44357734 | I96: 0.44456271 | J96: 0.44542995 | K96: 0.44620421 | L96: 0.4469034 | M96: 0.44754071 | N96: 0.44812615 | O96: 0.44866747 | P96: 0.44917083 | Q96: 0.44964116 | R96: 0.4500825 | S96: 0.4504982 | T96: 0.45089106 | U96: 0.45126344 | V96: 0.45161735 | W96: 0.45195454 | X96: 0.45227649 | Y96: 0.45258452 | Z96: 0.45287977 | AA96: 0.45316325 | AB96: 0.45343586 | AC96: 0.4536984 | AD96: 0.45395159 | AE96: 0.45419604 | AF96: 0.45443236 | AG96: 0.45466105 | AH96: 0.4548826
... A126: Class 14 - Conservative | B126: 0.29786473 | C126: 0.29940078 | D126: 0.30029472 | E126: 0.3009271 | F126: 0.30141659 | G126: 0.30181587 | H126: 0.30215302 | I126: 0.30244475 | J126: 0.30270182 | K126: 0.30293158 | L126: 0.30313927 | M126: 0.30332875 | N126: 0.30350294 | O126: 0.30366412 | P126: 0.3038141 | Q126: 0.30395433 | R126: 0.30408599 | S126: 0.30421007 | T126: 0.30432739 | U126: 0.30443865 | V126: 0.30454444 | W126: 0.30464528 | X126: 0.3047416 | Y126: 0.30483379 | Z126: 0.30492219 | AA126: 0.3050071 | AB126: 0.30508878 | AC126: 0.30516746 | AD126: 0.30524337 | AE126: 0.30531669 | AF126: 0.30538758 | AG126: 0.30545621 | AH126: 0.30552271
B131: Potential Capacity (GW)
A132: Class 1 - Offshore Fixed | B132: 13.57 | D132: =A86 | E132: =B86 | F132: =C86 | G132: =D86 | H132: =E86 | I132: =F86 | J132: =G86 | K132: =H86 | ... AK132: =AH86
A133: Class 2 - Offshore Fixed | B133: 13.57 | D133: =A89 | E133: =B89 | F133: =C89 | G133: =D89 | H133: =E89 | I133: =F89 | J133: =G89 | K133: =H89 | ... AK133: =AH89
A134: Class 8 - Offshore Floating | B134: 27.6 | D134: =A107 | E134: =B107 | F134: =C107 | G134: =D107 | H134: =E107 | I134: =F107 | J134: =G107 | K134: =H107 | ... AK134: =AH107
A135: Class 9 - Offshore Floating | B135: 27.6 | D135: =A110 | E135: =B110 | F135: =C110 | G135: =D110 | H135: =E110 | I135: =F110 | J135: =G110 | K135: =H110 | ... AK135: =AH110
D137: Weighted Average of Classes 1-2 and 8-9 | E137: =SUMPRODUCT(E132:E135,$B$132:$B$135)/SUM($B$132:$B$135) | F137: =SUMPRODUCT(F132:F135,$B$132:$B$135)/SUM($B$132:$B$135) | G137: =SUMPRODUCT(G132:G135,$B$132:$B$135)/SUM($B$132:$B$135) | H137: =SUMPRODUCT(H132:H135,$B$132:$B$135)/SUM($B$132:$B$135) | I137: =SUMPRODUCT(I132:I135,$B$132:$B$135)/SUM($B$132:$B$135) | J137: =SUMPRODUCT(J132:J135,$B$132:$B$135)/SUM($B$132:$B$135) | K137: =SUMPRODUCT(K132:K135,$B$132:$B$135)/SUM($B$132:$B$135) | L137: =SUMPRODUCT(L132:L135,$B$132:$B$135)/SUM($B$132:$B$135) | ... AK137: =SUMPRODUCT(AK132:AK135,$B$132:$B$135)/SUM($B$132:$B$135)

Sheet Wind By State
B1: Wind
A2: State | B2: 2018 | C2: 2019 | D2: 2020 | E2: 2021 | F2: 2022 | G2: 2023 | H2: 2024 | I2: 2025 | J2: 2026 | K2: 2027 | L2: 2028 | M2: 2029 | N2: 2030 | O2: 2031 | P2: 2032 | Q2: 2033 | R2: 2034 | S2: 2035 | T2: 2036 | U2: 2037 | V2: 2038 | W2: 2039 | X2: 2040 | Y2: 2041 | Z2: 2042 | AA2: 2043 | AB2: 2044 | AC2: 2045 | AD2: 2046 | AE2: 2047 | AF2: 2048 | AG2: 2049 | AH2: 2050
A3: =About!B2 | B3: {=TRANSPOSE(L69:L101)} | C3: 0.3407211 | D3: 0.34427495 | E3: 0.3478288 | F3: 0.35138265 | G3: 0.3549365 | H3: 0.35849035 | I3: 0.3620442 | J3: 0.36559805 | K3: 0.3691519 | L3: 0.37270575 | M3: 0.3762596 | N3: 0.37981345 | O3: 0.38054642 | P3: 0.38127939 | Q3: 0.38201236 | R3: 0.38274533 | S3: 0.38347831 | T3: 0.38421128 | U3: 0.38494425 | V3: 0.38567722 | W3: 0.38641019 | X3: 0.38714316 | Y3: 0.38787614 | Z3: 0.38860911 | AA3: 0.38934208 | AB3: 0.39007505 | AC3: 0.39080802 | AD3: 0.39154099 | AE3: 0.39227397 | AF3: 0.39300694 | AG3: 0.39373991 | AH3: 0.39447288
B7: 1 | C7: 2 | D7: 3 | E7: 4 | F7: 5 | G7: 6 | H7: 7 | I7: 8 | J7: 9 | K7: 10
A8: =About!B1 | B8: =SUMIFS(B12:B59,$A$12:$A$59,$A$3) | C8: =SUMIFS(C12:C59,$A$12:$A$59,$A$3) | D8: =SUMIFS(D12:D59,$A$12:$A$59,$A$3) | E8: =SUMIFS(E12:E59,$A$12:$A$59,$A$3) | F8: =SUMIFS(F12:F59,$A$12:$A$59,$A$3) | G8: =SUMIFS(G12:G59,$A$12:$A$59,$A$3) | H8: =SUMIFS(H12:H59,$A$12:$A$59,$A$3) | I8: =SUMIFS(I12:I59,$A$12:$A$59,$A$3) | ... K8: =SUMIFS(K12:K59,$A$12:$A$59,$A$3)
B10: Capacity by Wind TRG Class (MW)
A11: State | B11: 1 | C11: 2 | D11: 3 | E11: 4 | F11: 5 | G11: 6 | H11: 7 | I11: 8 | J11: 9 | K11: 10 | L11: Weighted Class | M11: Weighted Class by Capacity
A12: AL | B12: 0 | C12: 0 | D12: 0 | E12: 0 | F12: 2 | G12: 72 | H12: 1761 | I12: 24172 | J12: 105097 | K12: 11782 | L12: =SUMPRODUCT(B12:K12,$B$11:$K$11)/SUM(B12:K12)
A13: AR | B13: 6 | C13: 6 | D13: 8 | E13: 45 | F13: 363 | G13: 4896 | H13: 48185 | I13: 65971 | J13: 37039 | K13: 5811 | L13: =SUMPRODUCT(B13:K13,$B$11:$K$11)/SUM(B13:K13)
A14: AZ | B14: 0 | C14: 0 | D14: 0 | E14: 1 | F14: 36 | G14: 1750 | H14: 34679 | I14: 120345 | J14: 206319 | K14: 111836 | L14: =SUMPRODUCT(B14:K14,$B$11:$K$11)/SUM(B14:K14)
A15: CA | B15: 94 | C15: 55 | D15: 94 | E15: 75 | F15: 886 | G15: 5076 | H15: 19020 | I15: 46418 | J15: 75107 | K15: 156550 | L15: =SUMPRODUCT(B15:K15,$B$11:$K$11)/SUM(B15:K15)
A16: CO | B16: 227 | C16: 618 | D16: 954 | E16: 19027 | F16: 70367 | G16: 84010 | H16: 78984 | I16: 59735 | J16: 42556 | K16: 38899 | L16: =SUMPRODUCT(B16:K16,$B$11:$K$11)/SUM(B16:K16)
A17: CT | B17: 0 | C17: 0 | D17: 0 | E17: 0 | F17: 0 | G17: 0 | H17: 16 | I17: 539 | J17: 885 | K17: 239 | L17: =SUMPRODUCT(B17:K17,$B$11:$K$11)/SUM(B17:K17)
A18: DE | B18: 0 | C18: 0 | D18: 0 | E18: 0 | F18: 0 | G18: 0 | H18: 6 | I18: 522 | J18: 227 | K18: 0 | L18: =SUMPRODUCT(B18:K18,$B$11:$K$11)/SUM(B18:K18)
A19: FL | B19: 0 | C19: 0 | D19: 0 | E19: 0 | F19: 0 | G19: 0 | H19: 774 | I19: 13626 | J19: 22006 | K19: 1839 | L19: =SUMPRODUCT(B19:K19,$B$11:$K$11)/SUM(B19:K19)
A20: GA | B20: 0 | C20: 0 | D20: 0 | E20: 0 | F20: 5 | G20: 49 | H20: 424 | I20: 11407 | J20: 73098 | K20: 8657 | L20: =SUMPRODUCT(B20:K20,$B$11:$K$11)/SUM(B20:K20)
A21: IA | B21: 99 | C21: 3514 | D21: 15717 | E21: 43324 | F21: 111326 | G21: 77613 | H21: 27407 | I21: 552 | J21: 17 | K21: 0 | L21: =SUMPRODUCT(B21:K21,$B$11:$K$11)/SUM(B21:K21)
A22: ID | B22: 31 | C22: 21 | D22: 44 | E22: 60 | F22: 427 | G22: 3322 | H22: 41862 | I22: 77921 | J22: 37556 | K22: 51588 | L22: =SUMPRODUCT(B22:K22,$B$11:$K$11)/SUM(B22:K22)
A23: IL | B23: 0 | C23: 0 | D23: 0 | E23: 0 | F23: 5645 | G23: 77347 | H23: 72097 | I23: 34004 | J23: 2254 | K23: 3 | L23: =SUMPRODUCT(B23:K23,$B$11:$K$11)/SUM(B23:K23)
... A59: WY | B59: 15209 | C59: 3980 | D59: 13639 | E59: 18533 | F59: 78414 | G59: 144895 | H59: 84042 | I59: 57684 | J59: 34444 | K59: 21578 | L59: =SUMPRODUCT(B59:K59,$B$11:$K$11)/SUM(B59:K59)
A64: Source | B64: https://windexchange.energy.gov/maps-data/321
B68: Class 1 - Moderate | C68: Class 2 - Moderate | D68: Class 3 - Moderate | E68: Class 4 - Moderate | F68: Class 5 - Moderate | G68: Class 6 - Moderate | H68: Class 7 - Moderate | I68: Class 8 - Moderate | J68: Class 9 - Moderate | K68: Class 10 - Moderate
A69: 2018 | B69: =INDEX('NREL ATB'!$B$37:$AH$66,MATCH('Wind By State'!B$68,'NREL ATB'!$A$37:$A$66,0),MATCH('Wind By State'!$A69,'NREL ATB'!$B$36:$AH$36,0)) | C69: =INDEX('NREL ATB'!$B$37:$AH$66,MATCH('Wind By State'!C$68,'NREL ATB'!$A$37:$A$66,0),MATCH('Wind By State'!$A69,'NREL ATB'!$B$36:$AH$36,0)) | D69: =INDEX('NREL ATB'!$B$37:$AH$66,MATCH('Wind By State'!D$68,'NREL ATB'!$A$37:$A$66,0),MATCH('Wind By State'!$A69,'NREL ATB'!$B$36:$AH$36,0)) | E69: =INDEX('NREL ATB'!$B$37:$AH$66,MATCH('Wind By State'!E$68,'NREL ATB'!$A$37:$A$66,0),MATCH('Wind By State'!$A69,'NREL ATB'!$B$36:$AH$36,0)) | F69: =INDEX('NREL ATB'!$B$37:$AH$66,MATCH('Wind By State'!F$68,'NREL ATB'!$A$37:$A$66,0),MATCH('Wind By State'!$A69,'NREL ATB'!$B$36:$AH$36,0)) | G69: =INDEX('NREL ATB'!$B$37:$AH$66,MATCH('Wind By State'!G$68,'NREL ATB'!$A$37:$A$66,0),MATCH('Wind By State'!$A69,'NREL ATB'!$B$36:$AH$36,0)) | H69: =INDEX('NREL ATB'!$B$37:$AH$66,MATCH('Wind By State'!H$68,'NREL ATB'!$A$37:$A$66,0),MATCH('Wind By State'!$A69,'NREL ATB'!$B$36:$AH$36,0)) | I69: =INDEX('NREL ATB'!$B$37:$AH$66,MATCH('Wind By State'!I$68,'NREL ATB'!$A$37:$A$66,0),MATCH('Wind By State'!$A69,'NREL ATB'!$B$36:$AH$36,0)) | ... K69: =INDEX('NREL ATB'!$B$37:$AH$66,MATCH('Wind By State'!K$68,'NREL ATB'!$A$37:$A$66,0),MATCH('Wind By State'!$A69,'NREL ATB'!$B$36:$AH$36,0)) | L69: =SUMPRODUCT($B69:$K69,$B$8:$K$8)/SUM($B$8:$K$8)
A70: 2019 | B70: =INDEX('NREL ATB'!$B$37:$AH$66,MATCH('Wind By State'!B$68,'NREL ATB'!$A$37:$A$66,0),MATCH('Wind By State'!$A70,'NREL ATB'!$B$36:$AH$36,0)) | C70: =INDEX('NREL ATB'!$B$37:$AH$66,MATCH('Wind By State'!C$68,'NREL ATB'!$A$37:$A$66,0),MATCH('Wind By State'!$A70,'NREL ATB'!$B$36:$AH$36,0)) | D70: =INDEX('NREL ATB'!$B$37:$AH$66,MATCH('Wind By State'!D$68,'NREL ATB'!$A$37:$A$66,0),MATCH('Wind By State'!$A70,'NREL ATB'!$B$36:$AH$36,0)) | E70: =INDEX('NREL ATB'!$B$37:$AH$66,MATCH('Wind By State'!E$68,'NREL ATB'!$A$37:$A$66,0),MATCH('Wind By State'!$A70,'NREL ATB'!$B$36:$AH$36,0)) | F70: =INDEX('NREL ATB'!$B$37:$AH$66,MATCH('Wind By State'!F$68,'NREL ATB'!$A$37:$A$66,0),MATCH('Wind By State'!$A70,'NREL ATB'!$B$36:$AH$36,0)) | G70: =INDEX('NREL ATB'!$B$37:$AH$66,MATCH('Wind By State'!G$68,'NREL ATB'!$A$37:$A$66,0),MATCH('Wind By State'!$A70,'NREL ATB'!$B$36:$AH$36,0)) | H70: =INDEX('NREL ATB'!$B$37:$AH$66,MATCH('Wind By State'!H$68,'NREL ATB'!$A$37:$A$66,0),MATCH('Wind By State'!$A70,'NREL ATB'!$B$36:$AH$36,0)) | I70: =INDEX('NREL ATB'!$B$37:$AH$66,MATCH('Wind By State'!I$68,'NREL ATB'!$A$37:$A$66,0),MATCH('Wind By State'!$A70,'NREL ATB'!$B$36:$AH$36,0)) | ... K70: =INDEX('NREL ATB'!$B$37:$AH$66,MATCH('Wind By State'!K$68,'NREL ATB'!$A$37:$A$66,0),MATCH('Wind By State'!$A70,'NREL ATB'!$B$36:$AH$36,0)) | L70: =SUMPRODUCT($B70:$K70,$B$8:$K$8)/SUM($B$8:$K$8)
A71: 2020 | B71: =INDEX('NREL ATB'!$B$37:$AH$66,MATCH('Wind By State'!B$68,'NREL ATB'!$A$37:$A$66,0),MATCH('Wind By State'!$A71,'NREL ATB'!$B$36:$AH$36,0)) | C71: =INDEX('NREL ATB'!$B$37:$AH$66,MATCH('Wind By State'!C$68,'NREL ATB'!$A$37:$A$66,0),MATCH('Wind By State'!$A71,'NREL ATB'!$B$36:$AH$36,0)) | D71: =INDEX('NREL ATB'!$B$37:$AH$66,MATCH('Wind By State'!D$68,'NREL ATB'!$A$37:$A$66,0),MATCH('Wind By State'!$A71,'NREL ATB'!$B$36:$AH$36,0)) | E71: =INDEX('NREL ATB'!$B$37:$AH$66,MATCH('Wind By State'!E$68,'NREL ATB'!$A$37:$A$66,0),MATCH('Wind By State'!$A71,'NREL ATB'!$B$36:$AH$36,0)) | F71: =INDEX('NREL ATB'!$B$37:$AH$66,MATCH('Wind By State'!F$68,'NREL ATB'!$A$37:$A$66,0),MATCH('Wind By State'!$A71,'NREL ATB'!$B$36:$AH$36,0)) | G71: =INDEX('NREL ATB'!$B$37:$AH$66,MATCH('Wind By State'!G$68,'NREL ATB'!$A$37:$A$66,0),MATCH('Wind By State'!$A71,'NREL ATB'!$B$36:$AH$36,0)) | H71: =INDEX('NREL ATB'!$B$37:$AH$66,MATCH('Wind By State'!H$68,'NREL ATB'!$A$37:$A$66,0),MATCH('Wind By State'!$A71,'NREL ATB'!$B$36:$AH$36,0)) | I71: =INDEX('NREL ATB'!$B$37:$AH$66,MATCH('Wind By State'!I$68,'NREL ATB'!$A$37:$A$66,0),MATCH('Wind By State'!$A71,'NREL ATB'!$B$36:$AH$36,0)) | ... K71: =INDEX('NREL ATB'!$B$37:$AH$66,MATCH('Wind By State'!K$68,'NREL ATB'!$A$37:$A$66,0),MATCH('Wind By State'!$A71,'NREL ATB'!$B$36:$AH$36,0)) | L71: =SUMPRODUCT($B71:$K71,$B$8:$K$8)/SUM($B$8:$K$8)
A72: 2021 | B72: =INDEX('NREL ATB'!$B$37:$AH$66,MATCH('Wind By State'!B$68,'NREL ATB'!$A$37:$A$66,0),MATCH('Wind By State'!$A72,'NREL ATB'!$B$36:$AH$36,0)) | C72: =INDEX('NREL ATB'!$B$37:$AH$66,MATCH('Wind By State'!C$68,'NREL ATB'!$A$37:$A$66,0),MATCH('Wind By State'!$A72,'NREL ATB'!$B$36:$AH$36,0)) | D72: =INDEX('NREL ATB'!$B$37:$AH$66,MATCH('Wind By State'!D$68,'NREL ATB'!$A$37:$A$66,0),MATCH('Wind By State'!$A72,'NREL ATB'!$B$36:$AH$36,0)) | E72: =INDEX('NREL ATB'!$B$37:$AH$66,MATCH('Wind By State'!E$68,'NREL ATB'!$A$37:$A$66,0),MATCH('Wind By State'!$A72,'NREL ATB'!$B$36:$AH$36,0)) | F72: =INDEX('NREL ATB'!$B$37:$AH$66,MATCH('Wind By State'!F$68,'NREL ATB'!$A$37:$A$66,0),MATCH('Wind By State'!$A72,'NREL ATB'!$B$36:$AH$36,0)) | G72: =INDEX('NREL ATB'!$B$37:$AH$66,MATCH('Wind By State'!G$68,'NREL ATB'!$A$37:$A$66,0),MATCH('Wind By State'!$A72,'NREL ATB'!$B$36:$AH$36,0)) | H72: =INDEX('NREL ATB'!$B$37:$AH$66,MATCH('Wind By State'!H$68,'NREL ATB'!$A$37:$A$66,0),MATCH('Wind By State'!$A72,'NREL ATB'!$B$36:$AH$36,0)) | I72: =INDEX('NREL ATB'!$B$37:$AH$66,MATCH('Wind By State'!I$68,'NREL ATB'!$A$37:$A$66,0),MATCH('Wind By State'!$A72,'NREL ATB'!$B$36:$AH$36,0)) | ... K72: =INDEX('NREL ATB'!$B$37:$AH$66,MATCH('Wind By State'!K$68,'NREL ATB'!$A$37:$A$66,0),MATCH('Wind By State'!$A72,'NREL ATB'!$B$36:$AH$36,0)) | L72: =SUMPRODUCT($B72:$K72,$B$8:$K$8)/SUM($B$8:$K$8)
A73: 2022 | B73: =INDEX('NREL ATB'!$B$37:$AH$66,MATCH('Wind By State'!B$68,'NREL ATB'!$A$37:$A$66,0),MATCH('Wind By State'!$A73,'NREL ATB'!$B$36:$AH$36,0)) | C73: =INDEX('NREL ATB'!$B$37:$AH$66,MATCH('Wind By State'!C$68,'NREL ATB'!$A$37:$A$66,0),MATCH('Wind By State'!$A73,'NREL ATB'!$B$36:$AH$36,0)) | D73: =INDEX('NREL ATB'!$B$37:$AH$66,MATCH('Wind By State'!D$68,'NREL ATB'!$A$37:$A$66,0),MATCH('Wind By State'!$A73,'NREL ATB'!$B$36:$AH$36,0)) | E73: =INDEX('NREL ATB'!$B$37:$AH$66,MATCH('Wind By State'!E$68,'NREL ATB'!$A$37:$A$66,0),MATCH('Wind By State'!$A73,'NREL ATB'!$B$36:$AH$36,0)) | F73: =INDEX('NREL ATB'!$B$37:$AH$66,MATCH('Wind By State'!F$68,'NREL ATB'!$A$37:$A$66,0),MATCH('Wind By State'!$A73,'NREL ATB'!$B$36:$AH$36,0)) | G73: =INDEX('NREL ATB'!$B$37:$AH$66,MATCH('Wind By State'!G$68,'NREL ATB'!$A$37:$A$66,0),MATCH('Wind By State'!$A73,'NREL ATB'!$B$36:$AH$36,0)) | H73: =INDEX('NREL ATB'!$B$37:$AH$66,MATCH('Wind By State'!H$68,'NREL ATB'!$A$37:$A$66,0),MATCH('Wind By State'!$A73,'NREL ATB'!$B$36:$AH$36,0)) | I73: =INDEX('NREL ATB'!$B$37:$AH$66,MATCH('Wind By State'!I$68,'NREL ATB'!$A$37:$A$66,0),MATCH('Wind By State'!$A73,'NREL ATB'!$B$36:$AH$36,0)) | ... K73: =INDEX('NREL ATB'!$B$37:$AH$66,MATCH('Wind By State'!K$68,'NREL ATB'!$A$37:$A$66,0),MATCH('Wind By State'!$A73,'NREL ATB'!$B$36:$AH$36,0)) | L73: =SUMPRODUCT($B73:$K73,$B$8:$K$8)/SUM($B$8:$K$8)
A74: 2023 | B74: =INDEX('NREL ATB'!$B$37:$AH$66,MATCH('Wind By State'!B$68,'NREL ATB'!$A$37:$A$66,0),MATCH('Wind By State'!$A74,'NREL ATB'!$B$36:$AH$36,0)) | C74: =INDEX('NREL ATB'!$B$37:$AH$66,MATCH('Wind By State'!C$68,'NREL ATB'!$A$37:$A$66,0),MATCH('Wind By State'!$A74,'NREL ATB'!$B$36:$AH$36,0)) | D74: =INDEX('NREL ATB'!$B$37:$AH$66,MATCH('Wind By State'!D$68,'NREL ATB'!$A$37:$A$66,0),MATCH('Wind By State'!$A74,'NREL ATB'!$B$36:$AH$36,0)) | E74: =INDEX('NREL ATB'!$B$37:$AH$66,MATCH('Wind By State'!E$68,'NREL ATB'!$A$37:$A$66,0),MATCH('Wind By State'!$A74,'NREL ATB'!$B$36:$AH$36,0)) | F74: =INDEX('NREL ATB'!$B$37:$AH$66,MATCH('Wind By State'!F$68,'NREL ATB'!$A$37:$A$66,0),MATCH('Wind By State'!$A74,'NREL ATB'!$B$36:$AH$36,0)) | G74: =INDEX('NREL ATB'!$B$37:$AH$66,MATCH('Wind By State'!G$68,'NREL ATB'!$A$37:$A$66,0),MATCH('Wind By State'!$A74,'NREL ATB'!$B$36:$AH$36,0)) | H74: =INDEX('NREL ATB'!$B$37:$AH$66,MATCH('Wind By State'!H$68,'NREL ATB'!$A$37:$A$66,0),MATCH('Wind By State'!$A74,'NREL ATB'!$B$36:$AH$36,0)) | I74: =INDEX('NREL ATB'!$B$37:$AH$66,MATCH('Wind By State'!I$68,'NREL ATB'!$A$37:$A$66,0),MATCH('Wind By State'!$A74,'NREL ATB'!$B$36:$AH$36,0)) | ... K74: =INDEX('NREL ATB'!$B$37:$AH$66,MATCH('Wind By State'!K$68,'NREL ATB'!$A$37:$A$66,0),MATCH('Wind By State'!$A74,'NREL ATB'!$B$36:$AH$36,0)) | L74: =SUMPRODUCT($B74:$K74,$B$8:$K$8)/SUM($B$8:$K$8)
A75: 2024 | B75: =INDEX('NREL ATB'!$B$37:$AH$66,MATCH('Wind By State'!B$68,'NREL ATB'!$A$37:$A$66,0),MATCH('Wind By State'!$A75,'NREL ATB'!$B$36:$AH$36,0)) | C75: =INDEX('NREL ATB'!$B$37:$AH$66,MATCH('Wind By State'!C$68,'NREL ATB'!$A$37:$A$66,0),MATCH('Wind By State'!$A75,'NREL ATB'!$B$36:$AH$36,0)) | D75: =INDEX('NREL ATB'!$B$37:$AH$66,MATCH('Wind By State'!D$68,'NREL ATB'!$A$37:$A$66,0),MATCH('Wind By State'!$A75,'NREL ATB'!$B$36:$AH$36,0)) | E75: =INDEX('NREL ATB'!$B$37:$AH$66,MATCH('Wind By State'!E$68,'NREL ATB'!$A$37:$A$66,0),MATCH('Wind By State'!$A75,'NREL ATB'!$B$36:$AH$36,0)) | F75: =INDEX('NREL ATB'!$B$37:$AH$66,MATCH('Wind By State'!F$68,'NREL ATB'!$A$37:$A$66,0),MATCH('Wind By State'!$A75,'NREL ATB'!$B$36:$AH$36,0)) | G75: =INDEX('NREL ATB'!$B$37:$AH$66,MATCH('Wind By State'!G$68,'NREL ATB'!$A$37:$A$66,0),MATCH('Wind By State'!$A75,'NREL ATB'!$B$36:$AH$36,0)) | H75: =INDEX('NREL ATB'!$B$37:$AH$66,MATCH('Wind By State'!H$68,'NREL ATB'!$A$37:$A$66,0),MATCH('Wind By State'!$A75,'NREL ATB'!$B$36:$AH$36,0)) | I75: =INDEX('NREL ATB'!$B$37:$AH$66,MATCH('Wind By State'!I$68,'NREL ATB'!$A$37:$A$66,0),MATCH('Wind By State'!$A75,'NREL ATB'!$B$36:$AH$36,0)) | ... K75: =INDEX('NREL ATB'!$B$37:$AH$66,MATCH('Wind By State'!K$68,'NREL ATB'!$A$37:$A$66,0),MATCH('Wind By State'!$A75,'NREL ATB'!$B$36:$AH$36,0)) | L75: =SUMPRODUCT($B75:$K75,$B$8:$K$8)/SUM($B$8:$K$8)
A76: 2025 | B76: =INDEX('NREL ATB'!$B$37:$AH$66,MATCH('Wind By State'!B$68,'NREL ATB'!$A$37:$A$66,0),MATCH('Wind By State'!$A76,'NREL ATB'!$B$36:$AH$36,0)) | C76: =INDEX('NREL ATB'!$B$37:$AH$66,MATCH('Wind By State'!C$68,'NREL ATB'!$A$37:$A$66,0),MATCH('Wind By State'!$A76,'NREL ATB'!$B$36:$AH$36,0)) | D76: =INDEX('NREL ATB'!$B$37:$AH$66,MATCH('Wind By State'!D$68,'NREL ATB'!$A$37:$A$66,0),MATCH('Wind By State'!$A76,'NREL ATB'!$B$36:$AH$36,0)) | E76: =INDEX('NREL ATB'!$B$37:$AH$66,MATCH('Wind By State'!E$68,'NREL ATB'!$A$37:$A$66,0),MATCH('Wind By State'!$A76,'NREL ATB'!$B$36:$AH$36,0)) | F76: =INDEX('NREL ATB'!$B$37:$AH$66,MATCH('Wind By State'!F$68,'NREL ATB'!$A$37:$A$66,0),MATCH('Wind By State'!$A76,'NREL ATB'!$B$36:$AH$36,0)) | G76: =INDEX('NREL ATB'!$B$37:$AH$66,MATCH('Wind By State'!G$68,'NREL ATB'!$A$37:$A$66,0),MATCH('Wind By State'!$A76,'NREL ATB'!$B$36:$AH$36,0)) | H76: =INDEX('NREL ATB'!$B$37:$AH$66,MATCH('Wind By State'!H$68,'NREL ATB'!$A$37:$A$66,0),MATCH('Wind By State'!$A76,'NREL ATB'!$B$36:$AH$36,0)) | I76: =INDEX('NREL ATB'!$B$37:$AH$66,MATCH('Wind By State'!I$68,'NREL ATB'!$A$37:$A$66,0),MATCH('Wind By State'!$A76,'NREL ATB'!$B$36:$AH$36,0)) | ... K76: =INDEX('NREL ATB'!$B$37:$AH$66,MATCH('Wind By State'!K$68,'NREL ATB'!$A$37:$A$66,0),MATCH('Wind By State'!$A76,'NREL ATB'!$B$36:$AH$36,0)) | L76: =SUMPRODUCT($B76:$K76,$B$8:$K$8)/SUM($B$8:$K$8)
A77: 2026 | B77: =INDEX('NREL ATB'!$B$37:$AH$66,MATCH('Wind By State'!B$68,'NREL ATB'!$A$37:$A$66,0),MATCH('Wind By State'!$A77,'NREL ATB'!$B$36:$AH$36,0)) | C77: =INDEX('NREL ATB'!$B$37:$AH$66,MATCH('Wind By State'!C$68,'NREL ATB'!$A$37:$A$66,0),MATCH('Wind By State'!$A77,'NREL ATB'!$B$36:$AH$36,0)) | D77: =INDEX('NREL ATB'!$B$37:$AH$66,MATCH('Wind By State'!D$68,'NREL ATB'!$A$37:$A$66,0),MATCH('Wind By State'!$A77,'NREL ATB'!$B$36:$AH$36,0)) | E77: =INDEX('NREL ATB'!$B$37:$AH$66,MATCH('Wind By State'!E$68,'NREL ATB'!$A$37:$A$66,0),MATCH('Wind By State'!$A77,'NREL ATB'!$B$36:$AH$36,0)) | F77: =INDEX('NREL ATB'!$B$37:$AH$66,MATCH('Wind By State'!F$68,'NREL ATB'!$A$37:$A$66,0),MATCH('Wind By State'!$A77,'NREL ATB'!$B$36:$AH$36,0)) | G77: =INDEX('NREL ATB'!$B$37:$AH$66,MATCH('Wind By State'!G$68,'NREL ATB'!$A$37:$A$66,0),MATCH('Wind By State'!$A77,'NREL ATB'!$B$36:$AH$36,0)) | H77: =INDEX('NREL ATB'!$B$37:$AH$66,MATCH('Wind By State'!H$68,'NREL ATB'!$A$37:$A$66,0),MATCH('Wind By State'!$A77,'NREL ATB'!$B$36:$AH$36,0)) | I77: =INDEX('NREL ATB'!$B$37:$AH$66,MATCH('Wind By State'!I$68,'NREL ATB'!$A$37:$A$66,0),MATCH('Wind By State'!$A77,'NREL ATB'!$B$36:$AH$36,0)) | ... K77: =INDEX('NREL ATB'!$B$37:$AH$66,MATCH('Wind By State'!K$68,'NREL ATB'!$A$37:$A$66,0),MATCH('Wind By State'!$A77,'NREL ATB'!$B$36:$AH$36,0)) | L77: =SUMPRODUCT($B77:$K77,$B$8:$K$8)/SUM($B$8:$K$8)
A78: 2027 | B78: =INDEX('NREL ATB'!$B$37:$AH$66,MATCH('Wind By State'!B$68,'NREL ATB'!$A$37:$A$66,0),MATCH('Wind By State'!$A78,'NREL ATB'!$B$36:$AH$36,0)) | C78: =INDEX('NREL ATB'!$B$37:$AH$66,MATCH('Wind By State'!C$68,'NREL ATB'!$A$37:$A$66,0),MATCH('Wind By State'!$A78,'NREL ATB'!$B$36:$AH$36,0)) | D78: =INDEX('NREL ATB'!$B$37:$AH$66,MATCH('Wind By State'!D$68,'NREL ATB'!$A$37:$A$66,0),MATCH('Wind By State'!$A78,'NREL ATB'!$B$36:$AH$36,0)) | E78: =INDEX('NREL ATB'!$B$37:$AH$66,MATCH('Wind By State'!E$68,'NREL ATB'!$A$37:$A$66,0),MATCH('Wind By State'!$A78,'NREL ATB'!$B$36:$AH$36,0)) | F78: =INDEX('NREL ATB'!$B$37:$AH$66,MATCH('Wind By State'!F$68,'NREL ATB'!$A$37:$A$66,0),MATCH('Wind By State'!$A78,'NREL ATB'!$B$36:$AH$36,0)) | G78: =INDEX('NREL ATB'!$B$37:$AH$66,MATCH('Wind By State'!G$68,'NREL ATB'!$A$37:$A$66,0),MATCH('Wind By State'!$A78,'NREL ATB'!$B$36:$AH$36,0)) | H78: =INDEX('NREL ATB'!$B$37:$AH$66,MATCH('Wind By State'!H$68,'NREL ATB'!$A$37:$A$66,0),MATCH('Wind By State'!$A78,'NREL ATB'!$B$36:$AH$36,0)) | I78: =INDEX('NREL ATB'!$B$37:$AH$66,MATCH('Wind By State'!I$68,'NREL ATB'!$A$37:$A$66,0),MATCH('Wind By State'!$A78,'NREL ATB'!$B$36:$AH$36,0)) | ... K78: =INDEX('NREL ATB'!$B$37:$AH$66,MATCH('Wind By State'!K$68,'NREL ATB'!$A$37:$A$66,0),MATCH('Wind By State'!$A78,'NREL ATB'!$B$36:$AH$36,0)) | L78: =SUMPRODUCT($B78:$K78,$B$8:$K$8)/SUM($B$8:$K$8)
A79: 2028 | B79: =INDEX('NREL ATB'!$B$37:$AH$66,MATCH('Wind By State'!B$68,'NREL ATB'!$A$37:$A$66,0),MATCH('Wind By State'!$A79,'NREL ATB'!$B$36:$AH$36,0)) | C79: =INDEX('NREL ATB'!$B$37:$AH$66,MATCH('Wind By State'!C$68,'NREL ATB'!$A$37:$A$66,0),MATCH('Wind By State'!$A79,'NREL ATB'!$B$36:$AH$36,0)) | D79: =INDEX('NREL ATB'!$B$37:$AH$66,MATCH('Wind By State'!D$68,'NREL ATB'!$A$37:$A$66,0),MATCH('Wind By State'!$A79,'NREL ATB'!$B$36:$AH$36,0)) | E79: =INDEX('NREL ATB'!$B$37:$AH$66,MATCH('Wind By State'!E$68,'NREL ATB'!$A$37:$A$66,0),MATCH('Wind By State'!$A79,'NREL ATB'!$B$36:$AH$36,0)) | F79: =INDEX('NREL ATB'!$B$37:$AH$66,MATCH('Wind By State'!F$68,'NREL ATB'!$A$37:$A$66,0),MATCH('Wind By State'!$A79,'NREL ATB'!$B$36:$AH$36,0)) | G79: =INDEX('NREL ATB'!$B$37:$AH$66,MATCH('Wind By State'!G$68,'NREL ATB'!$A$37:$A$66,0),MATCH('Wind By State'!$A79,'NREL ATB'!$B$36:$AH$36,0)) | H79: =INDEX('NREL ATB'!$B$37:$AH$66,MATCH('Wind By State'!H$68,'NREL ATB'!$A$37:$A$66,0),MATCH('Wind By State'!$A79,'NREL ATB'!$B$36:$AH$36,0)) | I79: =INDEX('NREL ATB'!$B$37:$AH$66,MATCH('Wind By State'!I$68,'NREL ATB'!$A$37:$A$66,0),MATCH('Wind By State'!$A79,'NREL ATB'!$B$36:$AH$36,0)) | ... K79: =INDEX('NREL ATB'!$B$37:$AH$66,MATCH('Wind By State'!K$68,'NREL ATB'!$A$37:$A$66,0),MATCH('Wind By State'!$A79,'NREL ATB'!$B$36:$AH$36,0)) | L79: =SUMPRODUCT($B79:$K79,$B$8:$K$8)/SUM($B$8:$K$8)
A80: 2029 | B80: =INDEX('NREL ATB'!$B$37:$AH$66,MATCH('Wind By State'!B$68,'NREL ATB'!$A$37:$A$66,0),MATCH('Wind By State'!$A80,'NREL ATB'!$B$36:$AH$36,0)) | C80: =INDEX('NREL ATB'!$B$37:$AH$66,MATCH('Wind By State'!C$68,'NREL ATB'!$A$37:$A$66,0),MATCH('Wind By State'!$A80,'NREL ATB'!$B$36:$AH$36,0)) | D80: =INDEX('NREL ATB'!$B$37:$AH$66,MATCH('Wind By State'!D$68,'NREL ATB'!$A$37:$A$66,0),MATCH('Wind By State'!$A80,'NREL ATB'!$B$36:$AH$36,0)) | E80: =INDEX('NREL ATB'!$B$37:$AH$66,MATCH('Wind By State'!E$68,'NREL ATB'!$A$37:$A$66,0),MATCH('Wind By State'!$A80,'NREL ATB'!$B$36:$AH$36,0)) | F80: =INDEX('NREL ATB'!$B$37:$AH$66,MATCH('Wind By State'!F$68,'NREL ATB'!$A$37:$A$66,0),MATCH('Wind By State'!$A80,'NREL ATB'!$B$36:$AH$36,0)) | G80: =INDEX('NREL ATB'!$B$37:$AH$66,MATCH('Wind By State'!G$68,'NREL ATB'!$A$37:$A$66,0),MATCH('Wind By State'!$A80,'NREL ATB'!$B$36:$AH$36,0)) | H80: =INDEX('NREL ATB'!$B$37:$AH$66,MATCH('Wind By State'!H$68,'NREL ATB'!$A$37:$A$66,0),MATCH('Wind By State'!$A80,'NREL ATB'!$B$36:$AH$36,0)) | I80: =INDEX('NREL ATB'!$B$37:$AH$66,MATCH('Wind By State'!I$68,'NREL ATB'!$A$37:$A$66,0),MATCH('Wind By State'!$A80,'NREL ATB'!$B$36:$AH$36,0)) | ... K80: =INDEX('NREL ATB'!$B$37:$AH$66,MATCH('Wind By State'!K$68,'NREL ATB'!$A$37:$A$66,0),MATCH('Wind By State'!$A80,'NREL ATB'!$B$36:$AH$36,0)) | L80: =SUMPRODUCT($B80:$K80,$B$8:$K$8)/SUM($B$8:$K$8)
... A101: 2050 | B101: =INDEX('NREL ATB'!$B$37:$AH$66,MATCH('Wind By State'!B$68,'NREL ATB'!$A$37:$A$66,0),MATCH('Wind By State'!$A101,'NREL ATB'!$B$36:$AH$36,0)) | C101: =INDEX('NREL ATB'!$B$37:$AH$66,MATCH('Wind By State'!C$68,'NREL ATB'!$A$37:$A$66,0),MATCH('Wind By State'!$A101,'NREL ATB'!$B$36:$AH$36,0)) | D101: =INDEX('NREL ATB'!$B$37:$AH$66,MATCH('Wind By State'!D$68,'NREL ATB'!$A$37:$A$66,0),MATCH('Wind By State'!$A101,'NREL ATB'!$B$36:$AH$36,0)) | E101: =INDEX('NREL ATB'!$B$37:$AH$66,MATCH('Wind By State'!E$68,'NREL ATB'!$A$37:$A$66,0),MATCH('Wind By State'!$A101,'NREL ATB'!$B$36:$AH$36,0)) | F101: =INDEX('NREL ATB'!$B$37:$AH$66,MATCH('Wind By State'!F$68,'NREL ATB'!$A$37:$A$66,0),MATCH('Wind By State'!$A101,'NREL ATB'!$B$36:$AH$36,0)) | G101: =INDEX('NREL ATB'!$B$37:$AH$66,MATCH('Wind By State'!G$68,'NREL ATB'!$A$37:$A$66,0),MATCH('Wind By State'!$A101,'NREL ATB'!$B$36:$AH$36,0)) | H101: =INDEX('NREL ATB'!$B$37:$AH$66,MATCH('Wind By State'!H$68,'NREL ATB'!$A$37:$A$66,0),MATCH('Wind By State'!$A101,'NREL ATB'!$B$36:$AH$36,0)) | I101: =INDEX('NREL ATB'!$B$37:$AH$66,MATCH('Wind By State'!I$68,'NREL ATB'!$A$37:$A$66,0),MATCH('Wind By State'!$A101,'NREL ATB'!$B$36:$AH$36,0)) | ... K101: =INDEX('NREL ATB'!$B$37:$AH$66,MATCH('Wind By State'!K$68,'NREL ATB'!$A$37:$A$66,0),MATCH('Wind By State'!$A101,'NREL ATB'!$B$36:$AH$36,0)) | L101: =SUMPRODUCT($B101:$K101,$B$8:$K$8)/SUM($B$8:$K$8)

Sheet Solar by State
C1: 2018 | D1: 2019 | E1: 2020 | F1: 2021 | G1: 2022 | H1: 2023 | I1: 2024 | J1: 2025 | K1: 2026 | L1: 2027 | M1: 2028 | N1: 2029 | O1: 2030 | P1: 2031 | Q1: 2032 | R1: 2033 | S1: 2034 | T1: 2035 | U1: 2036 | V1: 2037 | W1: 2038 | X1: 2039 | Y1: 2040 | Z1: 2041 | AA1: 2042 | AB1: 2043 | AC1: 2044 | AD1: 2045 | AE1: 2046 | AF1: 2047 | AG1: 2048 | AH1: 2049 | AI1: 2050
A2: State | B2: =About!B1
A3: Closest Rep City (Latitude) | B3: =LOOKUP(B2,A8:C58,C8:C58) | C3: =SUMIFS(B75:B79,$A75:$A79,$B3) | D3: =SUMIFS(C75:C79,$A75:$A79,$B3) | E3: =SUMIFS(D75:D79,$A75:$A79,$B3) | F3: =SUMIFS(E75:E79,$A75:$A79,$B3) | G3: =SUMIFS(F75:F79,$A75:$A79,$B3) | H3: =SUMIFS(G75:G79,$A75:$A79,$B3) | I3: =SUMIFS(H75:H79,$A75:$A79,$B3) | J3: =SUMIFS(I75:I79,$A75:$A79,$B3) | ... AI3: =SUMIFS(AH75:AH79,$A75:$A79,$B3)
A7: State or federal district | B7: Location (N)
A8: Alabama | B8: 32.7794 | C8: {=INDEX(A$61:A$65,MATCH(MIN(ABS(cities-B8)),ABS(cities-B8),0))}
A9: Alaska | B9: 64.0685 | C9: {=INDEX(A$61:A$65,MATCH(MIN(ABS(cities-B9)),ABS(cities-B9),0))}
A10: Arizona | B10: 34.2744 | C10: {=INDEX(A$61:A$65,MATCH(MIN(ABS(cities-B10)),ABS(cities-B10),0))}
A11: Arkansas | B11: 34.8938 | C11: {=INDEX(A$61:A$65,MATCH(MIN(ABS(cities-B11)),ABS(cities-B11),0))}
A12: California | B12: 37.1841 | C12: {=INDEX(A$61:A$65,MATCH(MIN(ABS(cities-B12)),ABS(cities-B12),0))}
A13: Colorado | B13: 38.9972 | C13: {=INDEX(A$61:A$65,MATCH(MIN(ABS(cities-B13)),ABS(cities-B13),0))}
A14: Connecticut | B14: 41.6219 | C14: {=INDEX(A$61:A$65,MATCH(MIN(ABS(cities-B14)),ABS(cities-B14),0))}
A15: Delaware | B15: 38.9896 | C15: {=INDEX(A$61:A$65,MATCH(MIN(ABS(cities-B15)),ABS(cities-B15),0))}
A16: District of Columbia | B16: 38.9101 | C16: {=INDEX(A$61:A$65,MATCH(MIN(ABS(cities-B16)),ABS(cities-B16),0))}
A17: Florida | B17: 28.6305 | C17: {=INDEX(A$61:A$65,MATCH(MIN(ABS(cities-B17)),ABS(cities-B17),0))}
A18: Georgia | B18: 32.6415 | C18: {=INDEX(A$61:A$65,MATCH(MIN(ABS(cities-B18)),ABS(cities-B18),0))}
A19: Hawaii | B19: 20.2927 | C19: {=INDEX(A$61:A$65,MATCH(MIN(ABS(cities-B19)),ABS(cities-B19),0))}
... A58: Wyoming | B58: 42.9957 | C58: {=INDEX(A$61:A$65,MATCH(MIN(ABS(cities-B58)),ABS(cities-B58),0))}
B60: Latitude (N)
A61: Seattle | B61: 47.6062
A62: Chicago | B62: 41.8781
A63: Kansas City | B63: 39.0997
A64: Los Angeles | B64: 34.0522
A65: Daggett | B65: 34.864
B74: 2018 | C74: 2019 | D74: 2020 | E74: 2021 | F74: 2022 | G74: 2023 | H74: 2024 | I74: 2025 | J74: 2026 | K74: 2027 | L74: 2028 | M74: 2029 | N74: 2030 | O74: 2031 | P74: 2032 | Q74: 2033 | R74: 2034 | S74: 2035 | T74: 2036 | U74: 2037 | V74: 2038 | W74: 2039 | X74: 2040 | Y74: 2041 | Z74: 2042 | AA74: 2043 | AB74: 2044 | AC74: 2045 | AD74: 2046 | AE74: 2047 | AF74: 2048 | AG74: 2049 | AH74: 2050
A75: Seattle | B75: 0.21802831 | C75: 0.21957153 | D75: 0.22111476 | E75: 0.22265798 | F75: 0.22420121 | G75: 0.22574444 | H75: 0.22728766 | I75: 0.22883089 | J75: 0.23037411 | K75: 0.23191734 | L75: 0.23346057 | M75: 0.23500379 | N75: 0.23654702 | O75: 0.23765481 | P75: 0.23876261 | Q75: 0.2398704 | R75: 0.2409782 | S75: 0.242086 | T75: 0.24319379 | U75: 0.24430159 | V75: 0.24540938 | W75: 0.24651718 | X75: 0.24762498 | Y75: 0.24873277 | Z75: 0.24984057 | AA75: 0.25094836 | AB75: 0.25205616 | AC75: 0.25316395 | AD75: 0.25427175 | AE75: 0.25537955 | AF75: 0.25648734 | AG75: 0.25759514 | AH75: 0.25870293
A76: Chicago | B76: 0.25165533 | C76: 0.25337412 | D76: 0.25509291 | E76: 0.2568117 | F76: 0.25853049 | G76: 0.26024927 | H76: 0.26196806 | I76: 0.26368685 | J76: 0.26540564 | K76: 0.26712443 | L76: 0.26884322 | M76: 0.27056201 | N76: 0.2722808 | O76: 0.27351132 | P76: 0.27474184 | Q76: 0.27597236 | R76: 0.27720288 | S76: 0.27843341 | T76: 0.27966393 | U76: 0.28089445 | V76: 0.28212497 | W76: 0.28335549 | X76: 0.28458601 | Y76: 0.28581653 | Z76: 0.28704705 | AA76: 0.28827758 | AB76: 0.2895081 | AC76: 0.29073862 | AD76: 0.29196914 | AE76: 0.29319966 | AF76: 0.29443018 | AG76: 0.2956607 | AH76: 0.29689122
A77: Kansas City | B77: 0.27223835 | C77: 0.27395061 | D77: 0.27566287 | E77: 0.27737512 | F77: 0.27908738 | G77: 0.28079964 | H77: 0.28251189 | I77: 0.28422415 | J77: 0.2859364 | K77: 0.28764866 | L77: 0.28936092 | M77: 0.29107317 | N77: 0.29278543 | O77: 0.2939988 | P77: 0.29521216 | Q77: 0.29642553 | R77: 0.29763889 | S77: 0.29885226 | T77: 0.30006563 | U77: 0.30127899 | V77: 0.30249236 | W77: 0.30370572 | X77: 0.30491909 | Y77: 0.30613246 | Z77: 0.30734582 | AA77: 0.30855919 | AB77: 0.30977256 | AC77: 0.31098592 | AD77: 0.31219929 | AE77: 0.31341265 | AF77: 0.31462602 | AG77: 0.31583939 | AH77: 0.31705275
A78: Los Angeles | B78: 0.31886897 | C78: 0.32051742 | D78: 0.32216587 | E78: 0.32381432 | F78: 0.32546277 | G78: 0.32711122 | H78: 0.32875968 | I78: 0.33040813 | J78: 0.33205658 | K78: 0.33370503 | L78: 0.33535348 | M78: 0.33700193 | N78: 0.33865038 | O78: 0.33978841 | P78: 0.34092644 | Q78: 0.34206447 | R78: 0.3432025 | S78: 0.34434053 | T78: 0.34547856 | U78: 0.34661659 | V78: 0.34775461 | W78: 0.34889264 | X78: 0.35003067 | Y78: 0.3511687 | Z78: 0.35230673 | AA78: 0.35344476 | AB78: 0.35458279 | AC78: 0.35572082 | AD78: 0.35685885 | AE78: 0.35799688 | AF78: 0.35913491 | AG78: 0.36027294 | AH78: 0.36141097
A79: Daggett | B79: 0.35146192 | C79: 0.35319367 | D79: 0.35492543 | E79: 0.35665718 | F79: 0.35838894 | G79: 0.36012069 | H79: 0.36185245 | I79: 0.3635842 | J79: 0.36531596 | K79: 0.36704772 | L79: 0.36877947 | M79: 0.37051123 | N79: 0.37224298 | O79: 0.37337602 | P79: 0.37450905 | Q79: 0.37564209 | R79: 0.37677513 | S79: 0.37790816 | T79: 0.3790412 | U79: 0.38017424 | V79: 0.38130727 | W79: 0.38244031 | X79: 0.38357335 | Y79: 0.38470638 | Z79: 0.38583942 | AA79: 0.38697246 | AB79: 0.38810549 | AC79: 0.38923853 | AD79: 0.39037157 | AE79: 0.3915046 | AF79: 0.39263764 | AG79: 0.39377068 | AH79: 0.39490372

Sheet Table 4.8.B
A1: Table 4.08.B. Capacity Factors for Utility Scale Generators Primarily Using Non-Fossil Fuels
B2: Geothermal | D2: Hydroelectric | F2: Nuclear | H2: Other Biomass | J2: Other Gas | L2: Solar | P2: Wind | R2: Wood
A3: Year/Month | L3: Photovoltaic | N3: Thermal
B4: Time Adjusted Capacity | C4: Capacity Factor | D4: Time Adjusted Capacity | E4: Capacity Factor | F4: Time Adjusted Capacity | G4: Capacity Factor | H4: Time Adjusted Capacity | I4: Capacity Factor | J4: Time Adjusted Capacity | K4: Capacity Factor | L4: Time Adjusted Capacity | M4: Capacity Factor | N4: Time Adjusted Capacity | O4: Capacity Factor | P4: Time Adjusted Capacity | Q4: Capacity Factor | R4: Time Adjusted Capacity | S4: Capacity Factor
A5: Annual Data
A6: 2008 | B6: 2225.4 | C6: 0.743 | D6: 77925.2 | E6: 0.371 | F6: 100754.9 | G6: 0.911 | H6: 4112.4 | I6: 0.648 | J6: 1882 | K6: 0.468 | L6: 42.8 | M6: 0.192 | N6: 507.5 | O6: 0.195 | P6: 19275.3 | Q6: 0.317 | R6: 6970 | S6: 0.636
A7: 2009 | B7: 2278 | C7: 0.73 | D7: 78500.4 | E7: 0.396 | F7: 101003.7 | G7: 0.903 | H7: 4183.9 | I7: 0.65 | J7: 1752.2 | K7: 0.434 | L7: 81.9 | M7: 0.2 | N7: 468.2 | O7: 0.236 | P7: 28996.9 | Q7: 0.281 | R7: 6936.4 | S7: 0.617
A8: 2010 | B8: 2392.1 | C8: 0.716 | D8: 78810.3 | E8: 0.375 | F8: 101167.4 | G8: 0.911 | H8: 4298.7 | I8: 0.642 | J8: 1929 | K8: 0.505 | L8: 206.8 | M8: 0.202 | N8: 473 | O8: 0.245 | P8: 35702.6 | Q8: 0.297 | R8: 6991.5 | S8: 0.615
A9: 2011 | B9: 2407.9 | C9: 0.715 | D9: 78564.7 | E9: 0.458 | F9: 101265.1 | G9: 0.891 | H9: 4469.8 | I9: 0.642 | J9: 1902.7 | K9: 0.541 | L9: 537 | M9: 0.19 | N9: 485.3 | O9: 0.239 | P9: 42019.2 | Q9: 0.321 | R9: 7000.3 | S9: 0.596
A10: 2012 | B10: 2531.8 | C10: 0.683 | D10: 78296.6 | E10: 0.396 | F10: 101166 | G10: 0.866 | H10: 4639.7 | I10: 0.633 | J10: 1802.8 | K10: 0.596 | L10: 1527.1 | M10: 0.204 | N10: 476 | O10: 0.236 | P10: 49458 | Q10: 0.318 | R10: 7089.1 | S10: 0.613
A11: 2013 | B11: 2509.5 | C11: 0.718 | D11: 78873.5 | E11: 0.388 | F11: 99006.8 | G11: 0.908 | H11: 4949.7 | I11: 0.623 | J11: 2171.6 | K11: 0.559 | L11: 3525.2 | M11: 0.245 | N11: 552.1 | O11: 0.174 | P11: 59175.6 | Q11: 0.324 | R11: 7887.9 | S11: 0.59
A12: 2014 | B12: 2513.3 | C12: 0.72 | D12: 79582.8 | E12: 0.372 | F12: 98569.3 | G12: 0.917 | H12: 5114.6 | I12: 0.627 | J12: 1994 | K12: 0.54 | L12: 6555.6 | M12: 0.256 | N12: 1445.3 | O12: 0.183 | P12: 60587.8 | Q12: 0.34 | R12: 8319.7 | S12: 0.6
A13: 2015 | B13: 2523 | C13: 0.719 | D13: 79650.8 | E13: 0.357 | F13: 98614.6 | G13: 0.923 | H13: 5104.5 | I13: 0.626 | J13: 2527.7 | K13: 0.608 | L13: 9521.6 | M13: 0.255 | N13: 1697.3 | O13: 0.217 | P13: 67106.2 | Q13: 0.322 | R13: 9024.5 | S13: 0.593
A14: 2016 | B14: 2516.6 | C14: 0.716 | D14: 79806 | E14: 0.382 | F14: 99364.8 | G14: 0.923 | H14: 5099.5 | I14: 0.627 | J14: 2458.8 | K14: 0.648 | L14: 14161.4 | M14: 0.25 | N14: 1757.9 | O14: 0.221 | P14: 74162.7 | Q14: 0.345 | R14: 8979.8 | S14: 0.583
A15: 2017 | B15: 2460.4 | C15: 0.732 | D15: 79698.8 | E15: 0.43 | F15: 99619.5 | G15: 0.923 | H15: 5125.6 | I15: 0.618 | J15: 2375.8 | K15: 0.628 | L15: 21940.9 | M15: 0.256 | N15: 1757.9 | O15: 0.218 | P15: 83355.6 | Q15: 0.346 | R15: 8807.5 | S15: 0.602
A16: 2018 | B16: 2391.5 | C16: 0.76 | D16: 79771.9 | E16: 0.419 | F16: 99605.2 | G16: 0.925 | H16: 5059 | I16: 0.618 | J16: 2543.9 | K16: 0.654 | L16: 27143.3 | M16: 0.251 | N16: 1757.9 | O16: 0.236 | P16: 89228.5 | Q16: 0.346 | R16: 8760.2 | S16: 0.606
A17: Year 2016
A18: January | B18: 2516.6 | C18: 0.711 | D18: 79588 | E18: 0.432 | F18: 98920.9 | G18: 0.986 | H18: 5074.6 | I18: 0.616 | J18: 2460.1 | K18: 0.699 | L18: 12223.1 | M18: 0.151 | N18: 1757.9 | O18: 0.068 | P18: 72600.5 | Q18: 0.339 | R18: 8998.3 | S18: 0.614
A19: February | B19: 2516.6 | C19: 0.71 | D19: 79677.6 | E19: 0.435 | F19: 98920.9 | G19: 0.953 | H19: 5083.9 | I19: 0.612 | J19: 2460.1 | K19: 0.705 | L19: 12470.5 | M19: 0.228 | N19: 1757.9 | O19: 0.195 | P19: 73061.4 | Q19: 0.396 | R19: 8996.9 | S19: 0.617
A20: March | B20: 2516.6 | C20: 0.702 | D20: 79734.6 | E20: 0.462 | F20: 98920.9 | G20: 0.899 | H20: 5080 | I20: 0.609 | J20: 2460.1 | K20: 0.669 | L20: 12611.2 | M20: 0.247 | N20: 1757.9 | O20: 0.196 | P20: 73059.9 | Q20: 0.401 | R20: 8989.1 | S20: 0.582
A21: April | B21: 2516.6 | C21: 0.667 | D21: 79763.9 | E21: 0.45 | F21: 98920.9 | G21: 0.881 | H21: 5073.5 | I21: 0.629 | J21: 2460.1 | K21: 0.677 | L21: 12822 | M21: 0.271 | N21: 1757.9 | O21: 0.209 | P21: 73394.7 | Q21: 0.393 | R21: 8986.1 | S21: 0.524
A22: May | B22: 2516.6 | C22: 0.717 | D22: 79801.3 | E22: 0.429 | F22: 98920.9 | G22: 0.905 | H22: 5104.2 | I22: 0.651 | J22: 2460.1 | K22: 0.655 | L22: 13298 | M22: 0.3 | N22: 1757.9 | O22: 0.288 | P22: 73582.3 | Q22: 0.341 | R22: 8988.1 | S22: 0.54
A23: June | B23: 2516.6 | C23: 0.691 | D23: 79802.5 | E23: 0.404 | F23: 98920.9 | G23: 0.942 | H23: 5105.4 | I23: 0.638 | J23: 2460.1 | K23: 0.624 | L23: 13419.8 | M23: 0.302 | N23: 1757.9 | O23: 0.335 | P23: 73854.8 | Q23: 0.305 | R23: 8988.1 | S23: 0.584
A24: July | B24: 2516.6 | C24: 0.7 | D24: 79839.1 | E24: 0.36 | F24: 100042.9 | G24: 0.945 | H24: 5111.9 | I24: 0.634 | J24: 2460.1 | K24: 0.609 | L24: 13635.3 | M24: 0.315 | N24: 1757.9 | O24: 0.369 | P24: 74276.5 | Q24: 0.318 | R24: 8988.1 | S24: 0.602
A25: August | B25: 2516.6 | C25: 0.707 | D25: 79866.5 | E25: 0.329 | F25: 100042.9 | G25: 0.961 | H25: 5111 | I25: 0.633 | J25: 2456.9 | K25: 0.623 | L25: 14360.4 | M25: 0.316 | N25: 1757.9 | O25: 0.292 | P25: 74700.1 | Q25: 0.244 | R25: 8970.1 | S25: 0.614
A26: September | B26: 2516.6 | C26: 0.732 | D26: 79866.3 | E26: 0.285 | F26: 100042.9 | G26: 0.909 | H26: 5112.2 | I26: 0.612 | J26: 2456.9 | K26: 0.622 | L26: 15298.1 | M26: 0.284 | N26: 1757.9 | O26: 0.302 | P26: 74721.5 | Q26: 0.304 | R26: 8970.1 | S26: 0.582
A27: October | B27: 2516.6 | C27: 0.723 | D27: 79904.3 | E27: 0.292 | F27: 99564.8 | G27: 0.817 | H27: 5122.7 | I27: 0.578 | J27: 2456.9 | K27: 0.593 | L27: 16064.3 | M27: 0.239 | N27: 1757.9 | O27: 0.19 | P27: 74844.5 | Q27: 0.363 | R27: 8970.1 | S27: 0.54
A28: November | B28: 2516.6 | C28: 0.753 | D28: 79910.8 | E28: 0.327 | F28: 99564.8 | G28: 0.909 | H28: 5125.6 | I28: 0.65 | J28: 2456.9 | K28: 0.644 | L28: 16477.2 | M28: 0.203 | N28: 1757.9 | O28: 0.144 | P28: 75455.5 | Q28: 0.353 | R28: 8977.2 | S28: 0.586
A29: December | B29: 2516.6 | C29: 0.777 | D29: 79912.8 | E29: 0.379 | F29: 99564.8 | G29: 0.968 | H29: 5088.8 | I29: 0.657 | J29: 2456.9 | K29: 0.664 | L29: 17192 | M29: 0.162 | N29: 1757.9 | O29: 0.07 | P29: 76354.3 | Q29: 0.388 | R29: 8936.1 | S29: 0.617
A30: Year 2017
A31: January | B31: 2511.1 | C31: 0.749 | D31: 79657.2 | E31: 0.449 | F31: 99609.9 | G31: 0.987 | H31: 5095.1 | I31: 0.642 | J31: 2375.8 | K31: 0.638 | L31: 20249.8 | M31: 0.146 | N31: 1757.9 | O31: 0.073 | P31: 81337.2 | Q31: 0.342 | R31: 8748.6 | S31: 0.614
A32: February | B32: 2511.1 | C32: 0.73 | D32: 79657.2 | E32: 0.446 | F32: 99609.9 | G32: 0.95 | H32: 5097.3 | I32: 0.632 | J32: 2375.8 | K32: 0.654 | L32: 20603.7 | M32: 0.186 | N32: 1757.9 | O32: 0.116 | P32: 81713 | Q32: 0.402 | R32: 8748.6 | S32: 0.616
A33: March | B33: 2451.1 | C33: 0.738 | D33: 79657.2 | E33: 0.5 | F33: 99609.9 | G33: 0.878 | H33: 5097.3 | I33: 0.611 | J33: 2375.8 | K33: 0.648 | L33: 20792.6 | M33: 0.267 | N33: 1757.9 | O33: 0.229 | P33: 81962.1 | Q33: 0.418 | R33: 8741.6 | S33: 0.6
A34: April | B34: 2451.1 | C34: 0.756 | D34: 79660.1 | E34: 0.513 | F34: 99609.9 | G34: 0.792 | H34: 5105.7 | I34: 0.6 | J34: 2375.8 | K34: 0.618 | L34: 21177.9 | M34: 0.296 | N34: 1757.9 | O34: 0.248 | P34: 83041.4 | Q34: 0.424 | R34: 8789.1 | S34: 0.564
A35: May | B35: 2451.1 | C35: 0.71 | D35: 79660.1 | E35: 0.55 | F35: 99609.9 | G35: 0.828 | H35: 5122.7 | I35: 0.625 | J35: 2375.8 | K35: 0.581 | L35: 21700.6 | M35: 0.331 | N35: 1757.9 | O35: 0.309 | P35: 83182.1 | Q35: 0.372 | R35: 8796.6 | S35: 0.55
A36: June | B36: 2451.1 | C36: 0.724 | D36: 79660.1 | E36: 0.533 | F36: 99609.9 | G36: 0.935 | H36: 5126.7 | I36: 0.628 | J36: 2375.8 | K36: 0.591 | L36: 22006.1 | M36: 0.354 | N36: 1757.9 | O36: 0.379 | P36: 83313.5 | Q36: 0.334 | R36: 8802.9 | S36: 0.606
A37: July | B37: 2451.1 | C37: 0.749 | D37: 79667.4 | E37: 0.448 | F37: 99628.9 | G37: 0.962 | H37: 5145.2 | I37: 0.617 | J37: 2375.8 | K37: 0.589 | L37: 22242.6 | M37: 0.315 | N37: 1757.9 | O37: 0.253 | P37: 83498.6 | Q37: 0.258 | R37: 8802.9 | S37: 0.621
A38: August | B38: 2451.1 | C38: 0.744 | D38: 79614.2 | E38: 0.371 | F38: 99628.9 | G38: 0.977 | H38: 5147.3 | I38: 0.62 | J38: 2375.8 | K38: 0.65 | L38: 22356.4 | M38: 0.299 | N38: 1757.9 | O38: 0.275 | P38: 83980.6 | Q38: 0.222 | R38: 8856.4 | S38: 0.633
A39: September | B39: 2451.1 | C39: 0.751 | D39: 79761.5 | E39: 0.333 | F39: 99628.9 | G39: 0.95 | H39: 5147.2 | I39: 0.594 | J39: 2375.8 | K39: 0.618 | L39: 22547.7 | M39: 0.287 | N39: 1757.9 | O39: 0.291 | P39: 83980.6 | Q39: 0.295 | R39: 8856.4 | S39: 0.586
A40: October | B40: 2451.1 | C40: 0.662 | D40: 79797.5 | E40: 0.298 | F40: 99628.9 | G40: 0.89 | H40: 5147.2 | I40: 0.582 | J40: 2375.8 | K40: 0.621 | L40: 22762.8 | M40: 0.252 | N40: 1757.9 | O40: 0.241 | P40: 84229.8 | Q40: 0.387 | R40: 8856.4 | S40: 0.574
A41: November | B41: 2451.1 | C41: 0.735 | D41: 79797.1 | E41: 0.346 | F41: 99628.9 | G41: 0.929 | H41: 5143.9 | I41: 0.623 | J41: 2375.8 | K41: 0.651 | L41: 23095.3 | M41: 0.181 | N41: 1757.9 | O41: 0.103 | P41: 84483.3 | Q41: 0.366 | R41: 8856.4 | S41: 0.612
A42: December | B42: 2446.3 | C42: 0.742 | D42: 79794.4 | E42: 0.375 | F42: 99628.9 | G42: 0.994 | H42: 5129.5 | I42: 0.639 | J42: 2375.8 | K42: 0.674 | L42: 23660 | M42: 0.156 | N42: 1757.9 | O42: 0.09 | P42: 85431.2 | Q42: 0.342 | R42: 8830.9 | S42: 0.653
A43: Year 2018
A44: January | B44: 2387.5 | C44: 0.753 | D44: 79771.8 | E44: 0.422 | F44: 99730.6 | G44: 1.006 | H44: 5108.5 | I44: 0.622 | J44: 2543.9 | K44: 0.662 | L44: 25311.1 | M44: 0.163 | N44: 1757.9 | O44: 0.1 | P44: 87552.6 | Q44: 0.387 | R44: 8813 | S44: 0.653
A45: February | B45: 2403.5 | C45: 0.789 | D45: 79771.8 | E45: 0.464 | F45: 99730.6 | G45: 0.967 | H45: 5083.1 | I45: 0.646 | J45: 2543.9 | K45: 0.666 | L45: 25968.4 | M45: 0.209 | N45: 1757.9 | O45: 0.161 | P45: 88563.2 | Q45: 0.388 | R45: 8813 | S45: 0.625
A46: March | B46: 2382.2 | C46: 0.768 | D46: 79785.3 | E46: 0.436 | F46: 99730.6 | G46: 0.903 | H46: 5086.1 | I46: 0.62 | J46: 2543.9 | K46: 0.633 | L46: 26067.6 | M46: 0.243 | N46: 1757.9 | O46: 0.192 | P46: 88787.7 | Q46: 0.401 | R46: 8780.5 | S46: 0.617
A47: April | B47: 2392.2 | C47: 0.69 | D47: 79792.3 | E47: 0.489 | F47: 99730.6 | G47: 0.824 | H47: 5086.1 | I47: 0.609 | J47: 2543.9 | K47: 0.616 | L47: 26591.3 | M47: 0.297 | N47: 1757.9 | O47: 0.244 | P47: 88789.2 | Q47: 0.413 | R47: 8780.5 | S47: 0.556
A48: May | B48: 2392.2 | C48: 0.777 | D48: 79753.3 | E48: 0.513 | F48: 99730.6 | G48: 0.907 | H48: 5083.5 | I48: 0.594 | J48: 2543.9 | K48: 0.632 | L48: 26859.7 | M48: 0.318 | N48: 1757.9 | O48: 0.329 | P48: 89086.2 | Q48: 0.36 | R48: 8761.5 | S48: 0.58
A49: June | B49: 2392.2 | C49: 0.755 | D49: 79753.8 | E49: 0.481 | F49: 99730.6 | G49: 0.971 | H49: 5006.9 | I49: 0.63 | J49: 2543.9 | K49: 0.641 | L49: 27291.3 | M49: 0.349 | N49: 1757.9 | O49: 0.417 | P49: 89078.2 | Q49: 0.384 | R49: 8775.5 | S49: 0.617
A50: July | B50: 2392.2 | C50: 0.77 | D50: 79751.6 | E50: 0.423 | F50: 99730.6 | G50: 0.977 | H50: 5050.2 | I50: 0.623 | J50: 2543.9 | K50: 0.658 | L50: 27451.7 | M50: 0.311 | N50: 1757.9 | O50: 0.301 | P50: 89227.2 | Q50: 0.247 | R50: 8767.2 | S50: 0.637
A51: August | B51: 2392.2 | C51: 0.768 | D51: 79751.6 | E51: 0.371 | F51: 99730.6 | G51: 0.974 | H51: 5042.5 | I51: 0.626 | J51: 2543.9 | K51: 0.687 | L51: 27590.1 | M51: 0.305 | N51: 1757.9 | O51: 0.325 | P51: 89387.5 | Q51: 0.298 | R51: 8748.7 | S51: 0.622
A52: September | B52: 2392.2 | C52: 0.771 | D52: 79751.6 | E52: 0.334 | F52: 99277.9 | G52: 0.903 | H52: 5042.5 | I52: 0.583 | J52: 2543.9 | K52: 0.672 | L52: 27674 | M52: 0.277 | N52: 1757.9 | O52: 0.348 | P52: 89469.5 | Q52: 0.286 | R52: 8748.7 | S52: 0.585
A53: October | B53: 2392.2 | C53: 0.715 | D53: 79753.6 | E53: 0.329 | F53: 99277.9 | G53: 0.804 | H53: 5041.4 | I53: 0.61 | J53: 2543.9 | K53: 0.643 | L53: 27989.5 | M53: 0.224 | N53: 1757.9 | O53: 0.207 | P53: 89941.8 | Q53: 0.315 | R53: 8748.7 | S53: 0.565
A54: November | B54: 2392.2 | C54: 0.773 | D54: 79753.6 | E54: 0.381 | F54: 99432.9 | G54: 0.893 | H54: 5039 | I54: 0.623 | J54: 2543.9 | K54: 0.674 | L54: 28158.3 | M54: 0.173 | N54: 1757.9 | O54: 0.133 | P54: 90282.8 | Q54: 0.338 | R54: 8694.6 | S54: 0.604
A55: December | B55: 2387.9 | C55: 0.794 | D55: 79870.8 | E55: 0.384 | F55: 99432.9 | G55: 0.969 | H55: 5038.6 | I55: 0.632 | J55: 2543.9 | K55: 0.67 | L55: 28690.2 | M55: 0.137 | N55: 1757.9 | O55: 0.07 | P55: 90534.1 | Q55: 0.348 | R55: 8694.6 | S55: 0.614
A56: Values are final. Time adjusted capacity for month rows is the summer capacity of generators in operation for the entire month; units that began operation during the month or that retired during the month are excluded. Time adjusted capacity for year rows is a time weighted average of the month rows. Capacity factors are a comparison of net generation with available capacity. See the technical note for an explanation of how capacity factors are calculated. Sources: U.S. Energy Information Administration, Form EIA-923, Power Plant Operations Report; U.S. Energy Information Administration, Form EIA-860, 'Annual Electric Generator Report' and Form EIA-860M, 'Monthly Update to the Annual Electric Generator Report.'

Sheet Gridlab Cap Factors
A2: =About!B2
A6: Raw | C6: 2019 | D6: 2020 | E6: 2021 | F6: 2022 | G6: 2023 | H6: 2024 | I6: 2025 | J6: 2026 | K6: 2027 | L6: 2028 | M6: 2029 | N6: 2030 | O6: 2031 | P6: 2032 | Q6: 2033 | R6: 2034 | S6: 2035 | T6: 2036 | U6: 2037 | V6: 2038 | W6: 2039 | X6: 2040 | Y6: 2041 | Z6: 2042 | AA6: 2043 | AB6: 2044 | AC6: 2045 | AD6: 2046 | AE6: 2047 | AF6: 2048 | AG6: 2049 | AH6: 2050
A7: solar PV | B7: Utility PV | C7: =SUMIFS(L$19:L$738,$A$19:$A$738,$A$2,$B$19:$B$738,$B7) | D7: =SUMIFS(M$19:M$738,$A$19:$A$738,$A$2,$B$19:$B$738,$B7) | E7: =SUMIFS(N$19:N$738,$A$19:$A$738,$A$2,$B$19:$B$738,$B7) | F7: =SUMIFS(O$19:O$738,$A$19:$A$738,$A$2,$B$19:$B$738,$B7) | G7: =SUMIFS(P$19:P$738,$A$19:$A$738,$A$2,$B$19:$B$738,$B7) | H7: =SUMIFS(Q$19:Q$738,$A$19:$A$738,$A$2,$B$19:$B$738,$B7) | I7: =SUMIFS(R$19:R$738,$A$19:$A$738,$A$2,$B$19:$B$738,$B7) | J7: =SUMIFS(S$19:S$738,$A$19:$A$738,$A$2,$B$19:$B$738,$B7) | ... AH7: =SUMIFS(AQ$19:AQ$738,$A$19:$A$738,$A$2,$B$19:$B$738,$B7)
A8: offshore wind | B8: Wind offshore | C8: =SUMIFS(L$19:L$738,$A$19:$A$738,$A$2,$B$19:$B$738,$B8) | D8: =SUMIFS(M$19:M$738,$A$19:$A$738,$A$2,$B$19:$B$738,$B8) | E8: =SUMIFS(N$19:N$738,$A$19:$A$738,$A$2,$B$19:$B$738,$B8) | F8: =SUMIFS(O$19:O$738,$A$19:$A$738,$A$2,$B$19:$B$738,$B8) | G8: =SUMIFS(P$19:P$738,$A$19:$A$738,$A$2,$B$19:$B$738,$B8) | H8: =SUMIFS(Q$19:Q$738,$A$19:$A$738,$A$2,$B$19:$B$738,$B8) | I8: =SUMIFS(R$19:R$738,$A$19:$A$738,$A$2,$B$19:$B$738,$B8) | J8: =SUMIFS(S$19:S$738,$A$19:$A$738,$A$2,$B$19:$B$738,$B8) | ... AH8: =SUMIFS(AQ$19:AQ$738,$A$19:$A$738,$A$2,$B$19:$B$738,$B8)
A9: onshore wind | B9: Wind onshore | C9: =SUMIFS(L$19:L$738,$A$19:$A$738,$A$2,$B$19:$B$738,$B9) | D9: =SUMIFS(M$19:M$738,$A$19:$A$738,$A$2,$B$19:$B$738,$B9) | E9: =SUMIFS(N$19:N$738,$A$19:$A$738,$A$2,$B$19:$B$738,$B9) | F9: =SUMIFS(O$19:O$738,$A$19:$A$738,$A$2,$B$19:$B$738,$B9) | G9: =SUMIFS(P$19:P$738,$A$19:$A$738,$A$2,$B$19:$B$738,$B9) | H9: =SUMIFS(Q$19:Q$738,$A$19:$A$738,$A$2,$B$19:$B$738,$B9) | I9: =SUMIFS(R$19:R$738,$A$19:$A$738,$A$2,$B$19:$B$738,$B9) | J9: =SUMIFS(S$19:S$738,$A$19:$A$738,$A$2,$B$19:$B$738,$B9) | ... AH9: =SUMIFS(AQ$19:AQ$738,$A$19:$A$738,$A$2,$B$19:$B$738,$B9)
A11: Fix Zeros
A12: solar PV | B12: Utility PV | C12: =IF(C7=0,AVERAGEIF($C7:$AH7,"<>0"),C7) | D12: =IF(D7=0,AVERAGEIF($C7:$AH7,"<>0"),D7) | E12: =IF(E7=0,AVERAGEIF($C7:$AH7,"<>0"),E7) | F12: =IF(F7=0,AVERAGEIF($C7:$AH7,"<>0"),F7) | G12: =IF(G7=0,AVERAGEIF($C7:$AH7,"<>0"),G7) | H12: =IF(H7=0,AVERAGEIF($C7:$AH7,"<>0"),H7) | I12: =IF(I7=0,AVERAGEIF($C7:$AH7,"<>0"),I7) | J12: =IF(J7=0,AVERAGEIF($C7:$AH7,"<>0"),J7) | ... AH12: =IF(AH7=0,AVERAGEIF($C7:$AH7,"<>0"),AH7)
A13: offshore wind | B13: Wind offshore | C13: =IF(C8>0,C8,IF(SUM($C8:$AH8)=0,0,AVERAGE($C8:$AH8))) | D13: =IF(D8>0,D8,IF(SUM($C8:$AH8)=0,0,AVERAGE($C8:$AH8))) | E13: =IF(E8>0,E8,IF(SUM($C8:$AH8)=0,0,AVERAGE($C8:$AH8))) | F13: =IF(F8>0,F8,IF(SUM($C8:$AH8)=0,0,AVERAGE($C8:$AH8))) | G13: =IF(G8>0,G8,IF(SUM($C8:$AH8)=0,0,AVERAGE($C8:$AH8))) | H13: =IF(H8>0,H8,IF(SUM($C8:$AH8)=0,0,AVERAGE($C8:$AH8))) | I13: =IF(I8>0,I8,IF(SUM($C8:$AH8)=0,0,AVERAGE($C8:$AH8))) | J13: =IF(J8>0,J8,IF(SUM($C8:$AH8)=0,0,AVERAGE($C8:$AH8))) | ... AH13: =IF(AH8>0,AH8,IF(SUM($C8:$AH8)=0,0,AVERAGE($C8:$AH8)))
A14: onshore wind | B14: Wind onshore | C14: =IF(C9=0,AVERAGEIF($C9:$AH9,"<>0"),C9) | D14: =IF(D9=0,AVERAGEIF($C9:$AH9,"<>0"),D9) | E14: =IF(E9=0,AVERAGEIF($C9:$AH9,"<>0"),E9) | F14: =IF(F9=0,AVERAGEIF($C9:$AH9,"<>0"),F9) | G14: =IF(G9=0,AVERAGEIF($C9:$AH9,"<>0"),G9) | H14: =IF(H9=0,AVERAGEIF($C9:$AH9,"<>0"),H9) | I14: =IF(I9=0,AVERAGEIF($C9:$AH9,"<>0"),I9) | J14: =IF(J9=0,AVERAGEIF($C9:$AH9,"<>0"),J9) | ... AH14: =IF(AH9=0,AVERAGEIF($C9:$AH9,"<>0"),AH9)
B17: Average of Capacity factor (MWh/MW) | C17: Column Labels
B18: Row Labels | C18: 2010 | D18: 2011 | E18: 2012 | F18: 2013 | G18: 2014 | H18: 2015 | I18: 2016 | J18: 2017 | K18: 2018 | L18: 2019 | M18: 2020 | N18: 2021 | O18: 2022 | P18: 2023 | Q18: 2024 | R18: 2025 | S18: 2026 | T18: 2027 | U18: 2028 | V18: 2029 | W18: 2030 | X18: 2031 | Y18: 2032 | Z18: 2033 | AA18: 2034 | AB18: 2035 | AC18: 2036 | AD18: 2037 | AE18: 2038 | AF18: 2039 | AG18: 2040 | AH18: 2041 | AI18: 2042 | AJ18: 2043 | AK18: 2044 | AL18: 2045 | AM18: 2046 | AN18: 2047 | AO18: 2048 | AP18: 2049 | AQ18: 2050 | AR18: Grand Total
A19: AL | B19: AL | C19: 0.38442857 | D19: 0.401 | E19: 0.41742857 | F19: 0.374625 | G19: 0.363125 | H19: 0.37594118 | I19: 0.39335294 | J19: 0.35694737 | K19: 0.34936842 | L19: 0.35273684 | M19: 0.356 | N19: 0.35294737 | O19: 0.34978947 | P19: 0.33736842 | Q19: 0.32436842 | R19: 0.32242105 | S19: 0.32063158 | T19: 0.3109 | U19: 0.3005 | V19: 0.28919048 | W19: 0.264 | X19: 0.25852381 | Y19: 0.25128571 | Z19: 0.24442857 | AA19: 0.23909524 | AB19: 0.23178947 | AC19: 0.23089474 | AD19: 0.23015789 | AE19: 0.22952632 | AF19: 0.22884211 | AG19: 0.22826316 | AH19: 0.22926316 | AI19: 0.23026316 | AJ19: 0.23121053 | AK19: 0.23221053 | AL19: 0.23310526 | AM19: 0.24065 | AN19: 0.24035 | AO19: 0.2402 | AP19: 0.2398 | AQ19: 0.26616667 | AR19: 0.2901013
A20: AL | B20: Battery | J20: -0.001 | K20: -0.001 | L20: 0 | M20: 0 | N20: 0 | O20: 0 | P20: 0 | Q20: 0 | R20: -0.01 | S20: -0.02 | T20: -0.033 | U20: -0.046 | V20: -0.048 | W20: -0.0495 | X20: -0.0465 | Y20: -0.0465 | Z20: -0.054 | AA20: -0.056 | AB20: -0.057 | AC20: -0.0595 | AD20: -0.061 | AE20: -0.0625 | AF20: -0.064 | AG20: -0.065 | AH20: -0.0635 | AI20: -0.062 | AJ20: -0.061 | AK20: -0.0595 | AL20: -0.0585 | AM20: -0.056 | AN20: -0.054 | AO20: -0.052 | AP20: -0.0505 | AQ20: -0.049 | AR20: -0.046107143
A21: AL | B21: Biopower | C21: 0.261 | D21: 0.261 | E21: 0.261 | F21: 0.261 | G21: 0.261 | H21: 0.261 | I21: 0.261 | J21: 0.261 | K21: 0.261 | L21: 0.261 | M21: 0.261 | N21: 0.261 | O21: 0.261 | P21: 0.261 | Q21: 0.261 | R21: 0.261 | S21: 0.261 | T21: 0.261 | U21: 0.261 | V21: 0.261 | W21: 0.261 | X21: 0.261 | Y21: 0.261 | Z21: 0.261 | AA21: 0.261 | AB21: 0.522 | AC21: 0.522 | AD21: 0.522 | AE21: 0.522 | AF21: 0.522 | AG21: 0.522 | AH21: 0.522 | AI21: 0.522 | AJ21: 0.522 | AK21: 0.522 | AL21: 0.522 | AM21: 0.522 | AN21: 0.522 | AO21: 0.522 | AP21: 0.522 | AQ21: 0.522 | AR21: 0.32427273
A22: AL | B22: Coal | C22: 0.81 | D22: 0.691 | E22: 0.572 | F22: 0.6965 | G22: 0.8305 | H22: 0.7435 | I22: 0.631 | J22: 0.6715 | K22: 0.712 | L22: 0.658 | M22: 0.604 | N22: 0.6175 | O22: 0.631 | P22: 0.6225 | Q22: 0.614 | R22: 0.713 | S22: 0.8115 | T22: 0.788 | U22: 0.764 | V22: 0.7565 | W22: 0.652 | X22: 0.589 | Y22: 0.509 | Z22: 0.509 | AA22: 0.509 | AR22: 0.68097778
A23: AL | B23: CSP
A24: AL | B24: Dist PV | F24: 0.175 | G24: 0.175 | H24: 0.175 | I24: 0.175 | J24: 0.175 | K24: 0.175 | L24: 0.175 | M24: 0.175 | N24: 0.175 | O24: 0.175 | P24: 0.175 | Q24: 0.175 | R24: 0.175 | S24: 0.175 | T24: 0.1385 | U24: 0.119 | V24: 0.1565 | W24: 0.175 | X24: 0.172 | Y24: 0.17 | Z24: 0.172 | AA24: 0.174 | AB24: 0.175 | AC24: 0.175 | AD24: 0.175 | AE24: 0.175 | AF24: 0.175 | AG24: 0.175 | AH24: 0.1745 | AI24: 0.174 | AJ24: 0.1735 | AK24: 0.173 | AL24: 0.1725 | AM24: 0.1715 | AN24: 0.1705 | AO24: 0.17 | AP24: 0.169 | AQ24: 0.1685 | AR24: 0.17089474
A25: AL | B25: Gas CCGT | C25: 0.368 | D25: 0.6345 | E25: 0.901 | F25: 0.632 | G25: 0.362 | H25: 0.6315 | I25: 0.9005 | J25: 0.8205 | K25: 0.7405 | L25: 0.8195 | M25: 0.8985 | N25: 0.8665 | O25: 0.834 | P25: 0.7195 | Q25: 0.605 | R25: 0.497 | S25: 0.3885 | T25: 0.334 | U25: 0.2795 | V25: 0.3005 | W25: 0.3205 | X25: 0.297 | Y25: 0.273 | Z25: 0.223 | AA25: 0.1735 | AB25: 0.124 | AC25: 0.1225 | AD25: 0.121 | AE25: 0.12 | AF25: 0.119 | AG25: 0.1175 | AH25: 0.123 | AI25: 0.1285 | AJ25: 0.1335 | AK25: 0.139 | AL25: 0.144 | AM25: 0.14 | AN25: 0.1365 | AO25: 0.1325 | AP25: 0.1285 | AQ25: 0.1245 | AR25: 0.38717073
A26: AL | B26: Gas CT | C26: 0.0035 | D26: 0.0105 | E26: 0.017 | F26: 0.012 | G26: 0.0065 | H26: 0.011 | I26: 0.015 | J26: 0.012 | K26: 0.0095 | L26: 0.0075 | M26: 0.0055 | N26: 0.005 | O26: 0.004 | P26: 0.003 | Q26: 0.002 | R26: 0.0025 | S26: 0.003 | T26: 0.004 | U26: 0.0055 | V26: 0.0055 | W26: 0.0055 | X26: 0.0025 | Y26: 0 | Z26: 0 | AA26: 0 | AB26: 0 | AC26: 0 | AD26: 0 | AE26: 0 | AF26: 0 | AG26: 0 | AH26: 0 | AI26: 0 | AJ26: 0 | AK26: 0 | AL26: 0 | AM26: 0 | AN26: 0 | AO26: 0 | AP26: 0 | AQ26: 0 | AR26: 0.0037654321
A27: AL | B27: Geothermal
A28: AL | B28: Hydro | C28: 0.3465 | D28: 0.308 | E28: 0.269 | F28: 0.3185 | G28: 0.368 | H28: 0.326 | I28: 0.284 | J28: 0.284 | K28: 0.284 | L28: 0.2845 | M28: 0.2845 | N28: 0.2845 | O28: 0.2845 | P28: 0.2845 | Q28: 0.2845 | R28: 0.2845 | S28: 0.2845 | T28: 0.2845 | U28: 0.2845 | V28: 0.2845 | W28: 0.2845 | X28: 0.285 | Y28: 0.285 | Z28: 0.285 | AA28: 0.285 | AB28: 0.285 | AC28: 0.285 | AD28: 0.285 | AE28: 0.285 | AF28: 0.285 | AG28: 0.285 | AH28: 0.285 | AI28: 0.285 | AJ28: 0.285 | AK28: 0.285 | AL28: 0.285 | AM28: 0.285 | AN28: 0.285 | AO28: 0.285 | AP28: 0.285 | AQ28: 0.285 | AR28: 0.29029268
A29: AL | B29: Nuclear | C29: 0.902 | D29: 0.902 | E29: 0.902 | F29: 0.902 | G29: 0.902 | H29: 0.902 | I29: 0.902 | J29: 0.902 | K29: 0.902 | L29: 0.902 | M29: 0.902 | N29: 0.902 | O29: 0.902 | P29: 0.902 | Q29: 0.902 | R29: 0.902 | S29: 0.902 | T29: 0.902 | U29: 0.902 | V29: 0.902 | W29: 0.902 | X29: 0.902 | Y29: 0.902 | Z29: 0.902 | AA29: 0.902 | AB29: 0.902 | AC29: 0.902 | AD29: 0.902 | AE29: 0.902 | AF29: 0.902 | AG29: 0.902 | AH29: 0.902 | AI29: 0.902 | AJ29: 0.902 | AK29: 0.902 | AL29: 0.902 | AM29: 0.8995 | AN29: 0.8965 | AO29: 0.894 | AP29: 0.891 | AQ29: 0.8885 | AR29: 0.9010122
A30: AL | B30: Other | C30: 0 | D30: 0 | E30: 0 | F30: 0 | G30: 0 | H30: 0.0295 | I30: 0.059 | J30: 0.0295 | K30: 0 | L30: 0.009 | M30: 0.018 | N30: 0.009 | O30: 0 | P30: 0 | Q30: 0 | R30: 0 | S30: 0 | T30: 0 | U30: 0 | V30: 0 | W30: 0 | X30: 0 | Y30: 0 | Z30: 0 | AA30: 0 | AB30: 0 | AC30: 0 | AD30: 0 | AE30: 0 | AF30: 0 | AG30: 0 | AH30: 0 | AI30: 0 | AJ30: 0 | AK30: 0 | AL30: 0 | AM30: 0 | AN30: 0 | AO30: 0 | AP30: 0 | AQ30: 0 | AR30: 0.0038024691
A31: AL | B31: Utility PV | H31: 0.232 | I31: 0.232 | J31: 0.236 | K31: 0.2355 | L31: 0.2345 | M31: 0.2335 | N31: 0.2325 | O31: 0.2315 | P31: 0.2375 | Q31: 0.238 | R31: 0.233 | S31: 0.2305 | T31: 0.2295 | U31: 0.2285 | V31: 0.236 | W31: 0.235 | X31: 0.236 | Y31: 0.2365 | Z31: 0.2315 | AA31: 0.2305 | AB31: 0.23 | AC31: 0.2295 | AD31: 0.229 | AE31: 0.2285 | AF31: 0.228 | AG31: 0.228 | AH31: 0.2275 | AI31: 0.227 | AJ31: 0.2265 | AK31: 0.226 | AL31: 0.2255 | AM31: 0.225 | AN31: 0.2245 | AO31: 0.2245 | AP31: 0.224 | AQ31: 0.2235 | AR31: 0.23042857
A32: AL | B32: Wind offshore | AM32: 0.388 | AN32: 0.388 | AO32: 0.388 | AP32: 0.388 | AQ32: 0.388 | AR32: 0.388
A33: AL | B33: Wind onshore | T33: 0.368 | U33: 0.368 | V33: 0.364 | W33: 0.36 | X33: 0.311 | Y33: 0.303 | Z33: 0.2915 | AA33: 0.286 | AB33: 0.282 | AC33: 0.278 | AD33: 0.2745 | AE33: 0.2715 | AF33: 0.268 | AG33: 0.265 | AH33: 0.2685 | AI33: 0.272 | AJ33: 0.276 | AK33: 0.2795 | AL33: 0.283 | AM33: 0.2865 | AN33: 0.2895 | AO33: 0.293 | AP33: 0.296 | AQ33: 0.2995 | AR33: 0.29109091
A34: AR | B34: AR | C34: 0.34016667 | D34: 0.35308333 | E34: 0.36675 | F34: 0.32357143 | G34: 0.30835714 | H34: 0.3171875 | I34: 0.330125 | J34: 0.324125 | K34: 0.318625 | L34: 0.3263125 | M34: 0.29973333 | N34: 0.31070588 | O34: 0.30582353 | P34: 0.29782353 | Q34: 0.28841176 | R34: 0.26266667 | S34: 0.26388889 | T34: 0.25944444 | U34: 0.261 | V34: 0.24363158 | W34: 0.24326316 | X34: 0.23863158 | Y34: 0.23389474 | Z34: 0.23373684 | AA34: 0.23352632 | AB34: 0.20483333 | AC34: 0.20394444 | AD34: 0.20311111 | AE34: 0.20211111 | AF34: 0.20133333 | AG34: 0.20027778 | AH34: 0.20083333 | AI34: 0.20122222 | AJ34: 0.20161111 | AK34: 0.202 | AL34: 0.20244444 | AM34: 0.203 | AN34: 0.20416667 | AO34: 0.20611111 | AP34: 0.20927778 | AQ34: 0.22782353 | AR34: 0.25290143
A35: AR | B35: Battery | R35: -0.068 | S35: -0.068 | T35: -0.074 | U35: -0.075 | V35: -0.065 | W35: -0.0615 | X35: -0.0635 | Y35: -0.0665 | Z35: -0.065 | AA35: -0.063 | AB35: -0.0615 | AC35: -0.0635 | AD35: -0.065 | AE35: -0.0665 | AF35: -0.067 | AG35: -0.068 | AH35: -0.0665 | AI35: -0.0655 | AJ35: -0.0645 | AK35: -0.0635 | AL35: -0.0625 | AM35: -0.0615 | AN35: -0.06 | AO35: -0.0585 | AP35: -0.058 | AQ35: -0.0565 | AR35: -0.063979167
A36: AR | B36: Biopower | C36: 0.359 | D36: 0.359 | E36: 0.359 | F36: 0.359 | G36: 0.359 | H36: 0.359 | I36: 0.359 | J36: 0.359 | K36: 0.359 | L36: 0.359 | M36: 0.359 | N36: 0.359 | O36: 0.359 | P36: 0.359 | Q36: 0.359 | R36: 0.359 | S36: 0.359 | T36: 0.359 | U36: 0.359 | V36: 0.359 | W36: 0.359 | X36: 0.359 | Y36: 0.359 | Z36: 0.359 | AA36: 0.359 | AB36: 0.359 | AC36: 0.359 | AD36: 0.359 | AE36: 0.359 | AF36: 0.359 | AG36: 0.359 | AH36: 0.359 | AI36: 0.359 | AJ36: 0.359 | AK36: 0.359 | AL36: 0.359 | AM36: 0.3625 | AN36: 0.3695 | AO36: 0.3835 | AP36: 0.4095 | AQ36: 0.4585 | AR36: 0.36359756
A37: AR | B37: Coal | C37: 0.846 | D37: 0.801 | E37: 0.762 | F37: 0.804 | G37: 0.846 | H37: 0.689 | I37: 0.504 | J37: 0.59 | K37: 0.6765 | L37: 0.6155 | M37: 0.262 | N37: 0.298 | O37: 0.334 | P37: 0.333 | Q37: 0.332 | R37: 0.433 | S37: 0.653 | T37: 0.726 | U37: 0.846 | V37: 0.845 | W37: 0.845 | X37: 0.795 | Y37: 0.745 | Z37: 0.745 | AA37: 0.745 | AR37: 0.663
A38: AR | B38: CSP
A39: AR | B39: Dist PV | F39: 0.1695 | G39: 0.1695 | H39: 0.1695 | I39: 0.1695 | J39: 0.1695 | K39: 0.1695 | L39: 0.1695 | M39: 0.1695 | N39: 0.1695 | O39: 0.1695 | P39: 0.1695 | Q39: 0.1695 | R39: 0.1695 | S39: 0.1695 | T39: 0.1695 | U39: 0.1695 | V39: 0.1695 | W39: 0.1695 | X39: 0.1695 | Y39: 0.1695 | Z39: 0.1695 | AA39: 0.1695 | AB39: 0.1695 | AC39: 0.1695 | AD39: 0.1695 | AE39: 0.1695 | AF39: 0.1695 | AG39: 0.1695 | AH39: 0.1695 | AI39: 0.1695 | AJ39: 0.1695 | AK39: 0.1695 | AL39: 0.1695 | AM39: 0.1695 | AN39: 0.1695 | AO39: 0.1695 | AP39: 0.1695 | AQ39: 0.1695 | AR39: 0.1695
A40: AR | B40: Gas CCGT | C40: 0.071 | D40: 0.245 | E40: 0.4185 | F40: 0.2625 | G40: 0.107 | H40: 0.356 | I40: 0.604 | J40: 0.4985 | K40: 0.3925 | L40: 0.478 | M40: 0.5635 | N40: 0.5315 | O40: 0.5 | P40: 0.438 | Q40: 0.364 | R40: 0.2675 | S40: 0.171 | T40: 0.1335 | U40: 0.096 | V40: 0.0885 | W40: 0.081 | X40: 0.069 | Y40: 0.0565 | Z40: 0.0525 | AA40: 0.0485 | AB40: 0.044 | AC40: 0.04 | AD40: 0.036 | AE40: 0.032 | AF40: 0.028 | AG40: 0.024 | AH40: 0.0245 | AI40: 0.025 | AJ40: 0.025 | AK40: 0.0255 | AL40: 0.026 | AM40: 0.0275 | AN40: 0.029 | AO40: 0.0315 | AP40: 0.033 | AQ40: 0.035 | AR40: 0.18
A41: AR | B41: Gas CT | C41: 0.004 | D41: 0.007 | E41: 0.01 | F41: 0.011 | G41: 0.011 | H41: 0.032 | I41: 0.0545 | J41: 0.0335 | K41: 0.013 | L41: 0.0265 | M41: 0.0395 | N41: 0.036 | O41: 0.032 | P41: 0.023 | Q41: 0.014 | R41: 0.0115 | S41: 0.009 | T41: 0.007 | U41: 0.005 | V41: 0.0025 | W41: 0.0005 | X41: 0.0005 | Y41: 0 | Z41: 0 | AA41: 0 | AB41: 0 | AC41: 0 | AD41: 0 | AE41: 0 | AF41: 0 | AG41: 0 | AH41: 0 | AI41: 0 | AJ41: 0 | AK41: 0 | AL41: 0 | AM41: 0 | AN41: 0 | AO41: 0 | AP41: 0 | AQ41: 0 | AR41: 0.0093414634
A42: AR | B42: Geothermal
A43: AR | B43: Hydro | C43: 0.31 | D43: 0.2555 | E43: 0.2 | F43: 0.208 | G43: 0.215 | H43: 0.229 | I43: 0.243 | J43: 0.243 | K43: 0.243 | L43: 0.2435 | M43: 0.244 | N43: 0.2445 | O43: 0.245 | P43: 0.245 | Q43: 0.245 | R43: 0.245 | S43: 0.245 | T43: 0.244 | U43: 0.2435 | V43: 0.2435 | W43: 0.2435 | X43: 0.2435 | Y43: 0.2435 | Z43: 0.2435 | AA43: 0.2435 | AB43: 0.2435 | AC43: 0.2435 | AD43: 0.244 | AE43: 0.244 | AF43: 0.244 | AG43: 0.244 | AH43: 0.244 | AI43: 0.244 | AJ43: 0.244 | AK43: 0.244 | AL43: 0.244 | AM43: 0.244 | AN43: 0.2445 | AO43: 0.2445 | AP43: 0.245 | AQ43: 0.245 | AR43: 0.24287805
A44: AR | B44: Nuclear | C44: 0.902 | D44: 0.902 | E44: 0.902 | F44: 0.902 | G44: 0.902 | H44: 0.902 | I44: 0.902 | J44: 0.902 | K44: 0.902 | L44: 0.902 | M44: 0.902 | N44: 0.902 | O44: 0.902 | P44: 0.902 | Q44: 0.902 | R44: 0.902 | S44: 0.902 | T44: 0.902 | U44: 0.902 | V44: 0.902 | W44: 0.902 | X44: 0.902 | Y44: 0.902 | Z44: 0.902 | AA44: 0.902 | AB44: 0.902 | AC44: 0.902 | AD44: 0.902 | AE44: 0.902 | AF44: 0.902 | AG44: 0.902 | AH44: 0.902 | AI44: 0.902 | AJ44: 0.902 | AK44: 0.902 | AL44: 0.902 | AM44: 0.902 | AN44: 0.902 | AO44: 0.902 | AP44: 0.902 | AQ44: 0.902 | AR44: 0.902
A45: AR | B45: Other | C45: 0 | D45: 0 | E45: 0 | F45: 0 | G45: 0 | H45: 0.007 | I45: 0.015 | J45: 0.007 | K45: 0 | L45: 0.048 | M45: 0.097 | N45: 0.048 | O45: 0 | P45: 0 | Q45: 0 | R45: 0 | S45: 0 | T45: 0 | U45: 0 | V45: 0 | W45: 0 | X45: 0 | Y45: 0 | Z45: 0 | AA45: 0 | AB45: 0 | AC45: 0 | AD45: 0 | AE45: 0 | AF45: 0 | AG45: 0 | AH45: 0 | AI45: 0 | AJ45: 0 | AK45: 0 | AL45: 0 | AM45: 0 | AN45: 0 | AO45: 0 | AP45: 0 | AR45: 0.00555
A46: AR | B46: Utility PV | H46: 0.2485 | I46: 0.2485 | J46: 0.245 | K46: 0.2445 | L46: 0.2435 | M46: 0.242 | N46: 0.244 | O46: 0.2435 | P46: 0.2425 | Q46: 0.241 | R46: 0.24 | S46: 0.2395 | T46: 0.2385 | U46: 0.2375 | V46: 0.2365 | W46: 0.2345 | X46: 0.2335 | Y46: 0.2325 | Z46: 0.233 | AA46: 0.2325 | AB46: 0.2325 | AC46: 0.2335 | AD46: 0.2335 | AE46: 0.233 | AF46: 0.233 | AG46: 0.232 | AH46: 0.231 | AI46: 0.2295 | AJ46: 0.2285 | AK46: 0.2275 | AL46: 0.2265 | AM46: 0.226 | AN46: 0.226 | AO46: 0.2255 | AP46: 0.2255 | AQ46: 0.2265 | AR46: 0.23530556
A47: AR | B47: Wind offshore
A48: AR | B48: Wind onshore | N48: 0.4325 | O48: 0.4325 | P48: 0.437 | Q48: 0.442 | R48: 0.438 | S48: 0.4385 | T48: 0.4065 | U48: 0.402 | V48: 0.4065 | W48: 0.411 | X48: 0.407 | Y48: 0.404 | Z48: 0.4045 | AA48: 0.405 | AB48: 0.4055 | AC48: 0.4025 | AD48: 0.4 | AE48: 0.397 | AF48: 0.3945 | AG48: 0.391 | AH48: 0.395 | AI48: 0.3985 | AJ48: 0.402 | AK48: 0.405 | AL48: 0.4085 | AM48: 0.408 | AN48: 0.408 | AO48: 0.408 | AP48: 0.408 | AQ48: 0.4075 | AR48: 0.4102
A49: AZ | B49: AZ | C49: 0.26157143 | D49: 0.26145833 | E49: 0.26716667 | F49: 0.2934 | G49: 0.2918 | H49: 0.2906 | I49: 0.2892 | J49: 0.26759259 | K49: 0.26766667 | L49: 0.25714286 | M49: 0.25517857 | N49: 0.25228571 | O49: 0.25042857 | P49: 0.2421 | Q49: 0.23996667 | R49: 0.23736667 | S49: 0.23466667 | T49: 0.2338 | U49: 0.23293333 | V49: 0.2316 | W49: 0.2315 | X49: 0.22563333 | Y49: 0.2161 | Z49: 0.21343333 | AA49: 0.21086667 | AB49: 0.17564286 | AC49: 0.19103571 | AD49: 0.19457143 | AE49: 0.19582143 | AF49: 0.19617857 | AG49: 0.2032963 | AH49: 0.20455556 | AI49: 0.20574074 | AJ49: 0.20685185 | AK49: 0.20777778 | AL49: 0.19904 | AM49: 0.19852 | AN49: 0.19824 | AO49: 0.19776 | AP49: 0.19756 | AQ49: 0.19736 | AR49: 0.22932321
A50: AZ | B50: Battery | J50: 0 | K50: 0 | L50: -0.0073333333 | M50: -0.0073333333 | N50: -0.017 | O50: -0.024 | P50: -0.027 | Q50: -0.0275 | R50: -0.033 | S50: -0.0355 | T50: -0.03925 | U50: -0.04325 | V50: -0.0455 | W50: -0.0475 | X50: -0.049 | Y50: -0.05 | Z50: -0.05075 | AA50: -0.05175 | AB50: -0.052 | AC50: -0.0525 | AD50: -0.05275 | AE50: -0.05275 | AF50: -0.05275 | AG50: -0.053 | AH50: -0.052 | AI50: -0.05075 | AJ50: -0.05 | AK50: -0.0495 | AL50: -0.04875 | AM50: -0.0485 | AN50: -0.04825 | AO50: -0.04825 | AP50: -0.048 | AQ50: -0.04775 | AR50: -0.042164062
A51: AZ | B51: Biopower | C51: 0.123 | D51: 0.143 | E51: 0.162 | F51: 0.162 | G51: 0.162 | H51: 0.138 | I51: 0.111 | J51: 0.111 | K51: 0.111 | L51: 0.111 | M51: 0.111 | N51: 0.111 | O51: 0.111 | P51: 0.111 | Q51: 0.111 | R51: 0.111 | S51: 0.111 | T51: 0.111 | U51: 0.111 | V51: 0.111 | W51: 0.111 | X51: 0.111 | Y51: 0.111 | Z51: 0.111 | AA51: 0.111 | AB51: 0.111 | AC51: 0.107 | AD51: 0.103 | AE51: 0.099 | AF51: 0.096 | AG51: 0.092 | AH51: 0.09 | AI51: 0.088 | AJ51: 0.087 | AK51: 0.085 | AL51: 0.084 | AM51: 0.084 | AN51: 0.084 | AO51: 0.084 | AP51: 0.084 | AQ51: 0.084 | AR51: 0.10880488
A52: AZ | B52: Coal | C52: 0.846 | D52: 0.846 | E52: 0.846 | F52: 0.846 | G52: 0.846 | H52: 0.828 | I52: 0.8085 | J52: 0.825 | K52: 0.846 | L52: 0.82 | M52: 0.7865 | N52: 0.801 | O52: 0.8225 | P52: 0.8335 | Q52: 0.845 | R52: 0.8455 | S52: 0.846 | T52: 0.846 | U52: 0.846 | V52: 0.845 | W52: 0.844 | X52: 0.7805 | Y52: 0.6665 | Z52: 0.6665 | AA52: 0.6665 | AR52: 0.81194
A53: AZ | B53: CSP | C53: 0 | D53: 0 | E53: 0 | F53: 0.328 | G53: 0.3305 | H53: 0.3305 | I53: 0.3305 | J53: 0.3305 | K53: 0.3305 | L53: 0.3305 | M53: 0.3305 | N53: 0.3305 | O53: 0.3305 | P53: 0.3305 | Q53: 0.3305 | R53: 0.3305 | S53: 0.3305 | T53: 0.3305 | U53: 0.3305 | V53: 0.3305 | W53: 0.3305 | X53: 0.3305 | Y53: 0.3305 | Z53: 0.3305 | AA53: 0.3305 | AB53: 0.3305 | AC53: 0.5555 | AD53: 0.616 | AE53: 0.6445 | AF53: 0.661 | AG53: 0.6715 | AH53: 0.6805 | AI53: 0.69 | AJ53: 0.6995 | AK53: 0.71 | AL53: 0.775 | AM53: 0.775 | AN53: 0.775 | AO53: 0.775 | AP53: 0.775 | AQ53: 0.775 | AR53: 0.42273333
A54: AZ | B54: Dist PV | C54: 0.2205 | D54: 0.2205 | E54: 0.2205 | F54: 0.2205 | G54: 0.2205 | H54: 0.2205 | I54: 0.2205 | J54: 0.2205 | K54: 0.2205 | L54: 0.2205 | M54: 0.2205 | N54: 0.2205 | O54: 0.2205 | P54: 0.2195 | Q54: 0.21875 | R54: 0.20825 | S54: 0.19825 | T54: 0.205 | U54: 0.21125 | V54: 0.21575 | W54: 0.2205 | X54: 0.2205 | Y54: 0.2205 | Z54: 0.20425 | AA54: 0.1895 | AB54: 0.1745 | AC54: 0.1805 | AD54: 0.186 | AE54: 0.1915 | AF54: 0.1965 | AG54: 0.2015 | AH54: 0.20525 | AI54: 0.20925 | AJ54: 0.213 | AK54: 0.21675 | AL54: 0.2205 | AM54: 0.2195 | AN54: 0.21875 | AO54: 0.21775 | AP54: 0.217 | AQ54: 0.21625 | AR54: 0.21178049
A55: AZ | B55: Gas CCGT | C55: 0.1955 | D55: 0.2245 | E55: 0.253 | F55: 0.272 | G55: 0.2905 | H55: 0.294 | I55: 0.297 | J55: 0.283 | K55: 0.2695 | L55: 0.2705 | M55: 0.272 | N55: 0.2325 | O55: 0.1925 | P55: 0.1725 | Q55: 0.1525 | R55: 0.14 | S55: 0.1285 | T55: 0.119 | U55: 0.11 | V55: 0.1095 | W55: 0.109 | X55: 0.0795 | Y55: 0.0495 | Z55: 0.0475 | AA55: 0.0455 | AB55: 0.0435 | AC55: 0.039 | AD55: 0.0345 | AE55: 0.03 | AF55: 0.026 | AG55: 0.0215 | AH55: 0.0215 | AI55: 0.0215 | AJ55: 0.0215 | AK55: 0.021 | AL55: 0.021 | AM55: 0.0195 | AN55: 0.0175 | AO55: 0.016 | AP55: 0.0145 | AQ55: 0.013 | AR55: 0.12173171
A56: AZ | B56: Gas CT | C56: 0 | D56: 0 | E56: 0 | F56: 0 | G56: 0 | H56: 0 | I56: 0 | J56: 0 | K56: 0 | L56: 0 | M56: 0 | N56: 0 | O56: 0 | P56: 0 | Q56: 0 | R56: 0 | S56: 0 | T56: 0 | U56: 0 | V56: 0 | W56: 0 | X56: 0 | Y56: 0 | Z56: 0 | AA56: 0 | AB56: 0 | AC56: 0 | AD56: 0 | AE56: 0 | AF56: 0 | AG56: 0 | AH56: 0 | AI56: 0 | AJ56: 0 | AK56: 0 | AL56: 0 | AM56: 0 | AN56: 0 | AO56: 0 | AP56: 0 | AQ56: 0 | AR56: 0
A57: AZ | B57: Geothermal
A58: AZ | B58: Hydro | C58: 0.2865 | D58: 0.3165 | E58: 0.347 | F58: 0.3065 | G58: 0.2665 | H58: 0.2825 | I58: 0.298 | J58: 0.298 | K58: 0.298 | L58: 0.304 | M58: 0.3095 | N58: 0.309 | O58: 0.309 | P58: 0.3095 | Q58: 0.3105 | R58: 0.31 | S58: 0.3095 | T58: 0.3085 | U58: 0.307 | V58: 0.3065 | W58: 0.3065 | X58: 0.3065 | Y58: 0.306 | Z58: 0.3065 | AA58: 0.307 | AB58: 0.3075 | AC58: 0.3075 | AD58: 0.3075 | AE58: 0.3075 | AF58: 0.3075 | AG58: 0.308 | AH58: 0.3075 | AI58: 0.3075 | AJ58: 0.3075 | AK58: 0.307 | AL58: 0.307 | AM58: 0.3025 | AN58: 0.2985 | AO58: 0.294 | AP58: 0.2905 | AQ58: 0.286 | AR58: 0.30435366
A59: AZ | B59: Nuclear | C59: 0.902 | D59: 0.902 | E59: 0.902 | F59: 0.902 | G59: 0.902 | H59: 0.902 | I59: 0.902 | J59: 0.902 | K59: 0.902 | L59: 0.902 | M59: 0.902 | N59: 0.902 | O59: 0.902 | P59: 0.902 | Q59: 0.902 | R59: 0.902 | S59: 0.902 | T59: 0.902 | U59: 0.902 | V59: 0.902 | W59: 0.902 | X59: 0.902 | Y59: 0.902 | Z59: 0.902 | AA59: 0.902 | AB59: 0.902 | AC59: 0.877 | AD59: 0.852 | AE59: 0.827 | AF59: 0.802 | AG59: 0.777 | AH59: 0.758 | AI59: 0.738 | AJ59: 0.719 | AK59: 0.699 | AL59: 0.68 | AM59: 0.68 | AN59: 0.68 | AO59: 0.68 | AP59: 0.68 | AQ59: 0.68 | AR59: 0.84343902
A60: AZ | B60: Other | C60: 0 | D60: 0 | E60: 0 | F60: 0 | G60: 0 | H60: 0 | I60: 0 | J60: 0 | K60: 0 | L60: 0 | M60: 0 | N60: 0 | O60: 0 | P60: 0 | Q60: 0 | R60: 0 | S60: 0 | T60: 0 | U60: 0 | V60: 0 | W60: 0 | X60: 0 | Y60: 0 | Z60: 0 | AA60: 0 | AB60: 0 | AC60: 0 | AD60: 0 | AE60: 0 | AF60: 0 | AG60: 0 | AH60: 0 | AI60: 0 | AJ60: 0 | AK60: 0 | AR60: 0
A61: AZ | B61: Utility PV | C61: 0.309 | D61: 0.30566667 | E61: 0.30566667 | F61: 0.30675 | G61: 0.30625 | H61: 0.305 | I61: 0.30425 | J61: 0.3035 | K61: 0.30225 | L61: 0.30225 | M61: 0.301 | N61: 0.2985 | O61: 0.2975 | P61: 0.29675 | Q61: 0.29575 | R61: 0.29125 | S61: 0.2885 | T61: 0.2875 | U61: 0.2855 | V61: 0.28325 | W61: 0.28075 | X61: 0.2805 | Y61: 0.2805 | Z61: 0.279 | AA61: 0.27725 | AB61: 0.27575 | AC61: 0.2745 | AD61: 0.273 | AE61: 0.2715 | AF61: 0.27 | AG61: 0.2685 | AH61: 0.27125 | AI61: 0.273 | AJ61: 0.27425 | AK61: 0.27525 | AL61: 0.27625 | AM61: 0.27625 | AN61: 0.277 | AO61: 0.277 | AP61: 0.27725 | AQ61: 0.278 | AR61: 0.2863875
A62: AZ | B62: Wind offshore
A63: AZ | B63: Wind onshore | C63: 0.312 | D63: 0.3285 | E63: 0.3285 | F63: 0.3285 | G63: 0.3285 | H63: 0.3265 | I63: 0.325 | J63: 0.3215 | K63: 0.3175 | L63: 0.334 | M63: 0.3355 | N63: 0.34 | O63: 0.345 | P63: 0.33366667 | Q63: 0.32033333 | R63: 0.33 | S63: 0.331 | T63: 0.32666667 | U63: 0.32466667 | V63: 0.31266667 | W63: 0.31233333 | X63: 0.318 | Y63: 0.32033333 | Z63: 0.31933333 | AA63: 0.318 | AB63: 0.31633333 | AC63: 0.317 | AD63: 0.31733333 | AE63: 0.31733333 | AF63: 0.317 | AG63: 0.31666667 | AH63: 0.31933333 | AI63: 0.32166667 | AJ63: 0.32433333 | AK63: 0.32666667 | AL63: 0.32966667 | AM63: 0.33033333 | AN63: 0.33166667 | AO63: 0.333 | AP63: 0.335 | AQ63: 0.337 | AR63: 0.32478899
A64: CA | B64: CA | C64: 0.33337143 | D64: 0.28769231 | E64: 0.266 | F64: 0.26345 | G64: 0.25760526 | H64: 0.25505263 | I64: 0.23656757 | J64: 0.2352973 | K64: 0.23437838 | L64: 0.22827027 | M64: 0.22483784 | N64: 0.21702632 | O64: 0.2155 | P64: 0.21682051 | Q64: 0.21694872 | R64: 0.21341026 | S64: 0.19171053 | T64: 0.18941026 | U64: 0.18402564 | V64: 0.18328205 | W64: 0.18220513 | X64: 0.19045 | Y64: 0.192275 | Z64: 0.1955 | AA64: 0.19915 | AB64: 0.202775 | AC64: 0.202325 | AD64: 0.2021 | AE64: 0.202 | AF64: 0.202325 | AG64: 0.20169231 | AH64: 0.20133333 | AI64: 0.20092308 | AJ64: 0.20048718 | AK64: 0.20012821 | AL64: 0.21054054 | AM64: 0.21078378 | AN64: 0.21116216 | AO64: 0.21151351 | AP64: 0.21172973 | AQ64: 0.21213514 | AR64: 0.21647719
A65: CA | B65: Battery | D65: 0 | E65: 0 | F65: 0 | G65: 0 | H65: 0 | I65: 0 | J65: 0 | K65: 0 | L65: -0.004 | M65: -0.0053333333 | N65: -0.00825 | O65: -0.00875 | P65: -0.0135 | Q65: -0.016 | R65: -0.01975 | S65: -0.023 | T65: -0.032 | U65: -0.04 | V65: -0.04275 | W65: -0.04525 | X65: -0.04525 | Y65: -0.045 | Z65: -0.044 | AA65: -0.04225 | AB65: -0.04125 | AC65: -0.04125 | AD65: -0.0415 | AE65: -0.0415 | AF65: -0.0415 | AG65: -0.042 | AH65: -0.0425 | AI65: -0.043 | AJ65: -0.0435 | AK65: -0.044 | AL65: -0.04425 | AM65: -0.04425 | AN65: -0.044 | AO65: -0.04375 | AP65: -0.044 | AQ65: -0.0435 | AR65: -0.029826667
A66: CA | B66: Biopower | C66: 0.27825 | D66: 0.24925 | E66: 0.218 | F66: 0.25125 | G66: 0.28375 | H66: 0.25125 | I66: 0.2185 | J66: 0.21725 | K66: 0.21575 | L66: 0.213 | M66: 0.21 | N66: 0.2125 | O66: 0.215 | P66: 0.215 | Q66: 0.215 | R66: 0.216 | S66: 0.217 | T66: 0.22475 | U66: 0.23225 | V66: 0.24875 | W66: 0.265 | X66: 0.26075 | Y66: 0.25675 | Z66: 0.293 | AA66: 0.33025 | AB66: 0.36775 | AC66: 0.36725 | AD66: 0.36725 | AE66: 0.36925 | AF66: 0.37475 | AG66: 0.428 | AH66: 0.421 | AI66: 0.41366667 | AJ66: 0.406 | AK66: 0.39766667 | AL66: 0.389 | AM66: 0.38066667 | AN66: 0.37233333 | AO66: 0.36366667 | AP66: 0.35433333 | AQ66: 0.34533333 | AR66: 0.28910458
A67: CA | B67: Coal | C67: 0.846 | D67: 0.6955 | E67: 0.423 | F67: 0.423 | G67: 0.846 | H67: 0.846 | AR67: 0.6467
A68: CA | B68: CSP | C68: 0 | D68: 0 | E68: 0 | F68: 0 | G68: 0 | H68: 0 | I68: 0 | J68: 0 | K68: 0 | L68: 0 | M68: 0 | N68: 0 | O68: 0 | P68: 0 | Q68: 0 | R68: 0 | S68: 0 | T68: 0 | U68: 0 | V68: 0.032 | W68: 0.056666667 | X68: 0.084 | Y68: 0.10466667 | Z68: 0.10966667 | AA68: 0.11466667 | AB68: 0.119 | AC68: 0.12266667 | AD68: 0.127 | AE68: 0.13133333 | AF68: 0.136 | AG68: 0.14066667 | AH68: 0.16133333 | AI68: 0.182 | AJ68: 0.20233333 | AK68: 0.223 | AL68: 0.73 | AM68: 0.73 | AN68: 0.73 | AO68: 0.73 | AP68: 0.73 | AQ68: 0.73 | AR68: 0.097416667
A69: CA | B69: Dist PV | C69: 0.20275 | D69: 0.20275 | E69: 0.20275 | F69: 0.20275 | G69: 0.20275 | H69: 0.20275 | I69: 0.20275 | J69: 0.20275 | K69: 0.20275 | L69: 0.20275 | M69: 0.20275 | N69: 0.20275 | O69: 0.20275 | P69: 0.20275 | Q69: 0.20275 | R69: 0.20275 | S69: 0.20275 | T69: 0.20275 | U69: 0.20275 | V69: 0.20275 | W69: 0.20275 | X69: 0.201 | Y69: 0.19925 | Z69: 0.196 | AA69: 0.1925 | AB69: 0.189 | AC69: 0.1905 | AD69: 0.19175 | AE69: 0.193 | AF69: 0.19425 | AG69: 0.1955 | AH69: 0.184 | AI69: 0.1725 | AJ69: 0.16125 | AK69: 0.15025 | AL69: 0.1395 | AM69: 0.147 | AN69: 0.154 | AO69: 0.16175 | AP69: 0.16875 | AQ69: 0.17675 | AR69: 0.19064024
A70: CA | B70: Gas CCGT | C70: 0.73366667 | D70: 0.67133333 | E70: 0.60966667 | F70: 0.67066667 | G70: 0.731 | H70: 0.71033333 | I70: 0.68966667 | J70: 0.683 | K70: 0.67666667 | L70: 0.63966667 | M70: 0.60566667 | N70: 0.58333333 | O70: 0.56133333 | P70: 0.56966667 | Q70: 0.578 | R70: 0.54 | S70: 0.502 | T70: 0.44366667 | U70: 0.38566667 | V70: 0.348 | W70: 0.31033333 | X70: 0.32566667 | Y70: 0.34033333 | Z70: 0.34233333 | AA70: 0.34366667 | AB70: 0.345 | AC70: 0.332 | AD70: 0.31966667 | AE70: 0.30666667 | AF70: 0.29366667 | AG70: 0.28066667 | AH70: 0.27033333 | AI70: 0.25933333 | AJ70: 0.249 | AK70: 0.238 | AL70: 0.22766667 | AM70: 0.22966667 | AN70: 0.23266667 | AO70: 0.235 | AP70: 0.23766667 | AQ70: 0.24066667 | AR70: 0.43641463
A71: CA | B71: Gas CT | C71: 0.0045 | D71: 0.003 | E71: 0.00125 | F71: 0.006 | G71: 0.01025 | H71: 0.005 | I71: 0 | J71: 0.00025 | K71: 0.0005 | L71: 0.00025 | M71: 0 | N71: 0 | O71: 0 | P71: 0 | Q71: 0 | R71: 0 | S71: 0 | T71: 0 | U71: 0 | V71: 0 | W71: 0 | X71: 0 | Y71: 0 | Z71: 0 | AA71: 0 | AB71: 0 | AC71: 0 | AD71: 0 | AE71: 0 | AF71: 0 | AG71: 0 | AH71: 0 | AI71: 0 | AJ71: 0 | AK71: 0 | AL71: 0 | AM71: 0 | AN71: 0 | AO71: 0 | AP71: 0 | AQ71: 0 | AR71: 0.00075609756
A72: CA | B72: Geothermal | C72: 0.75 | D72: 0.75 | E72: 0.75 | F72: 0.75 | G72: 0.75 | H72: 0.75 | I72: 0.75 | J72: 0.75 | K72: 0.75 | L72: 0.75 | M72: 0.75 | N72: 0.75 | O72: 0.75 | P72: 0.75 | Q72: 0.75 | R72: 0.75 | S72: 0.75 | T72: 0.75 | U72: 0.75 | V72: 0.75 | W72: 0.75 | X72: 0.75 | Y72: 0.75 | Z72: 0.75 | AA72: 0.75 | AB72: 0.75 | AC72: 0.7495 | AD72: 0.7495 | AE72: 0.749 | AF72: 0.7485 | AG72: 0.748 | AH72: 0.7485 | AI72: 0.749 | AJ72: 0.749 | AK72: 0.7495 | AL72: 0.7495 | AM72: 0.7495 | AN72: 0.7495 | AO72: 0.7495 | AP72: 0.749 | AQ72: 0.749 | AR72: 0.74967073
A73: CA | B73: Hydro | C73: 0.256 | D73: 0.229 | E73: 0.236 | F73: 0.19175 | G73: 0.148 | H73: 0.179 | I73: 0.20975 | J73: 0.20975 | K73: 0.20975 | L73: 0.18825 | M73: 0.1875 | N73: 0.1875 | O73: 0.1875 | P73: 0.18525 | Q73: 0.18325 | R73: 0.17925 | S73: 0.1755 | T73: 0.17375 | U73: 0.1715 | V73: 0.17075 | W73: 0.1695 | X73: 0.17025 | Y73: 0.1705 | Z73: 0.1695 | AA73: 0.1685 | AB73: 0.1675 | AC73: 0.16775 | AD73: 0.168 | AE73: 0.1685 | AF73: 0.16875 | AG73: 0.16925 | AH73: 0.1675 | AI73: 0.16575 | AJ73: 0.164 | AK73: 0.1625 | AL73: 0.16075 | AM73: 0.161 | AN73: 0.16125 | AO73: 0.1615 | AP73: 0.162 | AQ73: 0.162 | AR73: 0.17915244
A74: CA | B74: Nuclear | C74: 0.902 | D74: 0.902 | E74: 0.902 | F74: 0.902 | G74: 0.902 | H74: 0.902 | I74: 0.902 | J74: 0.902 | K74: 0.902 | L74: 0.902 | M74: 0.902 | N74: 0.902 | O74: 0.902 | P74: 0.902 | Q74: 0.902 | R74: 0.902 | AR74: 0.902
A75: CA | B75: Other | C75: 0 | D75: 0 | E75: 0 | F75: 0 | G75: 0 | H75: 0 | I75: 0 | J75: 0 | K75: 0 | L75: 0 | M75: 0 | N75: 0 | O75: 0 | P75: 0 | Q75: 0 | R75: 0 | S75: 0 | T75: 0 | U75: 0 | V75: 0 | W75: 0 | X75: 0 | Y75: 0 | Z75: 0 | AA75: 0 | AB75: 0 | AC75: 0 | AD75: 0 | AE75: 0 | AF75: 0 | AG75: 0 | AH75: 0 | AI75: 0 | AJ75: 0 | AK75: 0 | AL75: 0 | AM75: 0 | AN75: 0 | AO75: 0 | AP75: 0 | AQ75: 0 | AR75: 0
A76: CA | B76: Utility PV | C76: 0.303 | D76: 0.30333333 | E76: 0.30333333 | F76: 0.30566667 | G76: 0.306 | H76: 0.30433333 | I76: 0.30366667 | J76: 0.30266667 | K76: 0.30133333 | L76: 0.3 | M76: 0.29866667 | N76: 0.29833333 | O76: 0.29766667 | P76: 0.291 | Q76: 0.2905 | R76: 0.2895 | S76: 0.2885 | T76: 0.286 | U76: 0.2835 | V76: 0.27925 | W76: 0.2755 | X76: 0.276 | Y76: 0.276 | Z76: 0.27375 | AA76: 0.2715 | AB76: 0.2695 | AC76: 0.268 | AD76: 0.26725 | AE76: 0.26575 | AF76: 0.26475 | AG76: 0.26375 | AH76: 0.264 | AI76: 0.2645 | AJ76: 0.26475 | AK76: 0.265 | AL76: 0.265 | AM76: 0.26525 | AN76: 0.2655 | AO76: 0.26575 | AP76: 0.266 | AQ76: 0.26575 | AR76: 0.28004667
A77: CA | B77: Wind offshore | X77: 0.414 | Y77: 0.414 | Z77: 0.397 | AA77: 0.394 | AB77: 0.393 | AC77: 0.389 | AD77: 0.387 | AE77: 0.386 | AF77: 0.386 | AG77: 0.385 | AH77: 0.393 | AI77: 0.399 | AJ77: 0.403 | AK77: 0.407 | AL77: 0.41 | AM77: 0.409 | AN77: 0.408 | AO77: 0.407 | AP77: 0.406 | AQ77: 0.405 | AR77: 0.3996
A78: CA | B78: Wind onshore | C78: 0.29966667 | D78: 0.28833333 | E78: 0.28433333 | F78: 0.284 | G78: 0.28366667 | H78: 0.28266667 | I78: 0.28233333 | J78: 0.27566667 | K78: 0.27366667 | L78: 0.27333333 | M78: 0.273 | N78: 0.274 | O78: 0.27466667 | P78: 0.27433333 | Q78: 0.27433333 | R78: 0.27666667 | S78: 0.27866667 | T78: 0.28375 | U78: 0.28 | V78: 0.26825 | W78: 0.25875 | X78: 0.256 | Y78: 0.253 | Z78: 0.2535 | AA78: 0.25375 | AB78: 0.254 | AC78: 0.258 | AD78: 0.26175 | AE78: 0.2655 | AF78: 0.26925 | AG78: 0.27275 | AH78: 0.278 | AI78: 0.28375 | AJ78: 0.29 | AK78: 0.297 | AL78: 0.30425 | AM78: 0.3035 | AN78: 0.3035 | AO78: 0.30325 | AP78: 0.30325 | AQ78: 0.3035 | AR78: 0.27818367
A79: CO | B79: CO | C79: 0.21747059 | D79: 0.21933333 | E79: 0.22794444 | F79: 0.22644444 | G79: 0.22672222 | H79: 0.25094444 | I79: 0.26983333 | J79: 0.25026316 | K79: 0.24563158 | L79: 0.24336842 | M79: 0.241 | N79: 0.23631579 | O79: 0.23326316 | P79: 0.2217 | Q79: 0.2243 | R79: 0.2241 | S79: 0.2231 | T79: 0.2156 | U79: 0.2082 | V79: 0.20705 | W79: 0.17778947 | X79: 0.17084211 | Y79: 0.16373684 | Z79: 0.16415789 | AA79: 0.16494737 | AB79: 0.13588889 | AC79: 0.13461111 | AD79: 0.13361111 | AE79: 0.13255556 | AF79: 0.13144444 | AG79: 0.13061111 | AH79: 0.14477778 | AI79: 0.15355556 | AJ79: 0.15977778 | AK79: 0.16416667 | AL79: 0.17741176 | AM79: 0.17688235 | AN79: 0.17611765 | AO79: 0.17529412 | AP79: 0.17405882 | AQ79: 0.17276471 | AR79: 0.19413492
A80: CO | B80: Battery | J80: 0 | K80: 0 | L80: 0 | M80: 0 | N80: 0 | O80: 0 | P80: -0.0235 | Q80: -0.0235 | R80: -0.03 | S80: -0.037 | T80: -0.048 | U80: -0.057 | V80: -0.0575 | W80: -0.058 | X80: -0.062 | Y80: -0.0665 | Z80: -0.0685 | AA80: -0.07 | AB80: -0.071 | AC80: -0.074 | AD80: -0.0745 | AE80: -0.074 | AF80: -0.0735 | AG80: -0.073 | AH80: -0.0725 | AI80: -0.0715 | AJ80: -0.0705 | AK80: -0.07 | AL80: -0.0685 | AM80: -0.069 | AN80: -0.0685 | AO80: -0.0685 | AP80: -0.0685 | AQ80: -0.068 | AR80: -0.056032258
A81: CO | B81: Biopower | C81: 0.129 | D81: 0.171 | E81: 0.204 | F81: 0.147 | G81: 0.115 | H81: 0.115 | I81: 0.115 | J81: 0.115 | K81: 0.115 | L81: 0.115 | M81: 0.115 | N81: 0.115 | O81: 0.115 | P81: 0.115 | Q81: 0.115 | R81: 0.115 | S81: 0.115 | T81: 0.115 | U81: 0.115 | V81: 0.115 | W81: 0.115 | X81: 0.115 | Y81: 0.115 | Z81: 0.177 | AA81: 0.246 | AB81: 0.325 | AC81: 0.323 | AD81: 0.32 | AE81: 0.317 | AF81: 0.314 | AG81: 0.312 | AH81: 0.299 | AI81: 0.287 | AJ81: 0.274 | AK81: 0.262 | AL81: 0.249 | AM81: 0.23 | AN81: 0.208 | AO81: 0.185 | AP81: 0.159 | AQ81: 0.131 | AR81: 0.18180488
A82: CO | B82: Coal | C82: 0.8095 | D82: 0.7755 | E82: 0.741 | F82: 0.788 | G82: 0.8385 | H82: 0.7825 | I82: 0.718 | J82: 0.772 | K82: 0.834 | L82: 0.7445 | M82: 0.6555 | N82: 0.712 | O82: 0.794 | P82: 0.8105 | Q82: 0.8315 | R82: 0.832 | S82: 0.8245 | T82: 0.804 | U82: 0.783 | V82: 0.782 | W82: 0.82 | X82: 0.766 | Y82: 0.713 | Z82: 0.713 | AA82: 0.713 | AR82: 0.77755556
A83: CO | B83: CSP | D83: 0 | E83: 0 | F83: 0 | G83: 0 | H83: 0 | I83: 0 | J83: 0 | K83: 0 | L83: 0 | M83: 0 | N83: 0 | O83: 0 | P83: 0 | Q83: 0 | R83: 0 | S83: 0 | T83: 0 | U83: 0 | V83: 0 | W83: 0 | X83: 0 | Y83: 0 | Z83: 0 | AA83: 0 | AB83: 0 | AC83: 0 | AD83: 0 | AE83: 0 | AF83: 0 | AG83: 0 | AH83: 0.254 | AI83: 0.412 | AJ83: 0.52 | AK83: 0.598 | AL83: 0.657 | AM83: 0.657 | AN83: 0.657 | AO83: 0.657 | AP83: 0.657 | AQ83: 0.657 | AR83: 0.14315
A84: CO | B84: Dist PV | C84: 0.2015 | D84: 0.2015 | E84: 0.2015 | F84: 0.2015 | G84: 0.2015 | H84: 0.2015 | I84: 0.2015 | J84: 0.2015 | K84: 0.2015 | L84: 0.2015 | M84: 0.2015 | N84: 0.2015 | O84: 0.2015 | P84: 0.2015 | Q84: 0.2015 | R84: 0.2015 | S84: 0.2015 | T84: 0.2015 | U84: 0.2015 | V84: 0.2015 | W84: 0.2015 | X84: 0.2015 | Y84: 0.2015 | Z84: 0.2015 | AA84: 0.2015 | AB84: 0.2015 | AC84: 0.2015 | AD84: 0.2015 | AE84: 0.2015 | AF84: 0.2015 | AG84: 0.2015 | AH84: 0.2015 | AI84: 0.2015 | AJ84: 0.2015 | AK84: 0.2015 | AL84: 0.2015 | AM84: 0.2015 | AN84: 0.2015 | AO84: 0.2015 | AP84: 0.2015 | AQ84: 0.2015 | AR84: 0.2015
A85: CO | B85: Gas CCGT | C85: 0.0185 | D85: 0.1285 | E85: 0.2065 | F85: 0.1985 | G85: 0.19 | H85: 0.445 | I85: 0.6615 | J85: 0.556 | K85: 0.45 | L85: 0.516 | M85: 0.582 | N85: 0.4685 | O85: 0.3545 | P85: 0.3535 | Q85: 0.3525 | R85: 0.358 | S85: 0.3645 | T85: 0.3325 | U85: 0.3005 | V85: 0.2945 | W85: 0.2885 | X85: 0.2535 | Y85: 0.2185 | Z85: 0.19 | AA85: 0.162 | AB85: 0.134 | AC85: 0.119 | AD85: 0.104 | AE85: 0.089 | AF85: 0.0735 | AG85: 0.059 | AH85: 0.061 | AI85: 0.0635 | AJ85: 0.066 | AK85: 0.0685 | AL85: 0.071 | AM85: 0.065 | AN85: 0.0585 | AO85: 0.0525 | AP85: 0.046 | AQ85: 0.0395 | AR85: 0.22960976
A86: CO | B86: Gas CT | C86: 0 | D86: 0 | E86: 0 | F86: 0 | G86: 0 | H86: 0 | I86: 0 | J86: 0 | K86: 0 | L86: 0 | M86: 0 | N86: 0 | O86: 0 | P86: 0 | Q86: 0 | R86: 0 | S86: 0 | T86: 0.0005 | U86: 0.0005 | V86: 0.0015 | W86: 0.002 | X86: 0.001 | Y86: 0 | Z86: 0.001 | AA86: 0.002 | AB86: 0.0035 | AC86: 0.0025 | AD86: 0.002 | AE86: 0.0015 | AF86: 0.0005 | AG86: 0 | AH86: 0 | AI86: 0 | AJ86: 0 | AK86: 0 | AL86: 0 | AM86: 0 | AN86: 0 | AO86: 0 | AP86: 0 | AQ86: 0 | AR86: 0.00045121951
A87: CO | B87: Geothermal
A88: CO | B88: Hydro | C88: 0.168 | D88: 0.179 | E88: 0.1895 | F88: 0.1645 | G88: 0.14 | H88: 0.159 | I88: 0.1785 | J88: 0.1785 | K88: 0.1785 | L88: 0.1785 | M88: 0.1785 | N88: 0.1775 | O88: 0.176 | P88: 0.175 | Q88: 0.1735 | R88: 0.1725 | S88: 0.1715 | T88: 0.164 | U88: 0.1565 | V88: 0.156 | W88: 0.1565 | X88: 0.158 | Y88: 0.1595 | Z88: 0.1625 | AA88: 0.1655 | AB88: 0.1685 | AC88: 0.1675 | AD88: 0.1665 | AE88: 0.1655 | AF88: 0.1645 | AG88: 0.1635 | AH88: 0.1625 | AI88: 0.161 | AJ88: 0.16 | AK88: 0.1585 | AL88: 0.157 | AM88: 0.1615 | AN88: 0.166 | AO88: 0.171 | AP88: 0.1755 | AQ88: 0.18 | AR88: 0.16746341
A89: CO | B89: Nuclear
A90: CO | B90: Other | C90: 0 | D90: 0 | E90: 0 | F90: 0 | G90: 0 | H90: 0 | I90: 0 | J90: 0 | K90: 0 | L90: 0 | M90: 0 | N90: 0 | O90: 0 | P90: 0 | Q90: 0 | R90: 0 | S90: 0 | T90: 0 | U90: 0 | V90: 0 | W90: 0 | X90: 0 | Y90: 0 | Z90: 0 | AA90: 0 | AB90: 0 | AC90: 0 | AD90: 0 | AE90: 0 | AF90: 0 | AG90: 0 | AH90: 0 | AI90: 0 | AJ90: 0 | AK90: 0 | AL90: 0 | AM90: 0 | AN90: 0 | AO90: 0 | AP90: 0 | AQ90: 0 | AR90: 0
A91: CO | B91: Utility PV | C91: 0.28 | D91: 0.279 | E91: 0.2785 | F91: 0.2775 | G91: 0.2765 | H91: 0.278 | I91: 0.278 | J91: 0.277 | K91: 0.2765 | L91: 0.2755 | M91: 0.2735 | N91: 0.2825 | O91: 0.2835 | P91: 0.283 | Q91: 0.282 | R91: 0.281 | S91: 0.2795 | T91: 0.278 | U91: 0.277 | V91: 0.275 | W91: 0.274 | X91: 0.273 | Y91: 0.2715 | Z91: 0.271 | AA91: 0.2705 | AB91: 0.2695 | AC91: 0.268 | AD91: 0.267 | AE91: 0.2655 | AF91: 0.264 | AG91: 0.263 | AH91: 0.262 | AI91: 0.26 | AJ91: 0.259 | AK91: 0.258 | AL91: 0.257 | AM91: 0.256 | AN91: 0.2555 | AO91: 0.255 | AP91: 0.2545 | AQ91: 0.2545 | AR91: 0.27073171
A92: CO | B92: Wind offshore
A93: CO | B93: Wind onshore | C93: 0.3065 | D93: 0.325 | E93: 0.3325 | F93: 0.3345 | G93: 0.3365 | H93: 0.335 | I93: 0.3335 | J93: 0.335 | K93: 0.3355 | L93: 0.3385 | M93: 0.341 | N93: 0.3455 | O93: 0.349 | P93: 0.3595 | Q93: 0.368 | R93: 0.3685 | S93: 0.369 | T93: 0.366 | U93: 0.3625 | V93: 0.36 | W93: 0.357 | X93: 0.3575 | Y93: 0.357 | Z93: 0.357 | AA93: 0.356 | AB93: 0.3545 | AC93: 0.3655 | AD93: 0.376 | AE93: 0.3855 | AF93: 0.3955 | AG93: 0.4055 | AH93: 0.412 | AI93: 0.418 | AJ93: 0.425 | AK93: 0.431 | AL93: 0.437 | AM93: 0.445 | AN93: 0.4515 | AO93: 0.4575 | AP93: 0.4625 | AQ93: 0.467 | AR93: 0.375
A94: CT | B94: CT | C94: 0.38175 | D94: 0.363375 | E94: 0.336 | F94: 0.32066667 | G94: 0.31888889 | H94: 0.29563636 | I94: 0.29445455 | J94: 0.29063636 | K94: 0.28772727 | L94: 0.28590909 | M94: 0.28409091 | N94: 0.28718182 | O94: 0.313 | P94: 0.32727273 | Q94: 0.33036364 | R94: 0.32527273 | S94: 0.32009091 | T94: 0.31236364 | U94: 0.30563636 | V94: 0.29718182 | W94: 0.29263636 | X94: 0.28154545 | Y94: 0.27027273 | Z94: 0.27590909 | AA94: 0.27590909 | AB94: 0.27481818 | AC94: 0.27109091 | AD94: 0.26790909 | AE94: 0.26418182 | AF94: 0.25936364 | AG94: 0.25281818 | AH94: 0.25190909 | AI94: 0.25054545 | AJ94: 0.24854545 | AK94: 0.24554545 | AL94: 0.24018182 | AM94: 0.24172727 | AN94: 0.24290909 | AO94: 0.24427273 | AP94: 0.24536364 | AQ94: 0.1808 | AR94: 0.28256193
A95: CT | B95: Battery | H95: -0.001 | I95: -0.001 | J95: -0.001 | K95: -0.001 | L95: 0 | M95: 0 | N95: 0 | O95: 0 | P95: 0 | Q95: 0 | R95: 0 | S95: 0 | T95: -0.03 | U95: -0.061 | V95: -0.069 | W95: -0.078 | X95: -0.078 | Y95: -0.079 | Z95: -0.058 | AA95: -0.057 | AB95: -0.057 | AC95: -0.07 | AD95: -0.071 | AE95: -0.071 | AF95: -0.071 | AG95: -0.071 | AH95: -0.07 | AI95: -0.07 | AJ95: -0.069 | AK95: -0.068 | AL95: -0.068 | AM95: -0.055 | AN95: -0.043 | AO95: -0.03 | AP95: -0.017 | AQ95: -0.004 | AR95: -0.039416667
A96: CT | B96: Biopower | C96: 0.471 | D96: 0.463 | E96: 0.454 | F96: 0.426 | G96: 0.402 | H96: 0.394 | I96: 0.385 | J96: 0.385 | K96: 0.385 | L96: 0.385 | M96: 0.385 | N96: 0.383 | O96: 0.38 | P96: 0.38 | Q96: 0.38 | R96: 0.38 | S96: 0.38 | T96: 0.38 | U96: 0.38 | V96: 0.38 | W96: 0.38 | X96: 0.38 | Y96: 0.38 | Z96: 0.387 | AA96: 0.395 | AB96: 0.402 | AC96: 0.386 | AD96: 0.366 | AE96: 0.339 | AF96: 0.301 | AG96: 0.242 | AH96: 0.225 | AI96: 0.203 | AJ96: 0.174 | AK96: 0.132 | AL96: 0.067 | AM96: 0.061 | AN96: 0.054 | AO96: 0.047 | AP96: 0.04 | AQ96: 0.032 | AR96: 0.31587805
A97: CT | B97: Coal | C97: 0.354 | D97: 0.211 | E97: 0 | F97: 0.015 | G97: 0.03 | H97: 0.015 | I97: 0 | J97: 0 | K97: 0 | L97: 0 | M97: 0 | N97: 0 | AR97: 0.052083333
A98: CT | B98: CSP
A99: CT | B99: Dist PV | C99: 0.156 | D99: 0.156 | E99: 0.156 | F99: 0.156 | G99: 0.156 | H99: 0.156 | I99: 0.156 | J99: 0.156 | K99: 0.156 | L99: 0.156 | M99: 0.156 | N99: 0.156 | O99: 0.156 | P99: 0.156 | Q99: 0.156 | R99: 0.156 | S99: 0.156 | T99: 0.156 | U99: 0.156 | V99: 0.156 | W99: 0.156 | X99: 0.156 | Y99: 0.156 | Z99: 0.156 | AA99: 0.156 | AB99: 0.156 | AC99: 0.156 | AD99: 0.156 | AE99: 0.156 | AF99: 0.156 | AG99: 0.156 | AH99: 0.156 | AI99: 0.156 | AJ99: 0.156 | AK99: 0.156 | AL99: 0.156 | AM99: 0.156 | AN99: 0.156 | AO99: 0.156 | AP99: 0.156 | AQ99: 0.156 | AR99: 0.156
A100: CT | B100: Gas CCGT | C100: 0.839 | D100: 0.848 | E100: 0.854 | F100: 0.855 | G100: 0.855 | H100: 0.855 | I100: 0.855 | J100: 0.811 | K100: 0.778 | L100: 0.755 | M100: 0.736 | N100: 0.709 | O100: 0.683 | P100: 0.719 | Q100: 0.755 | R100: 0.699 | S100: 0.643 | T100: 0.566 | U100: 0.489 | V100: 0.463 | W100: 0.436 | X100: 0.348 | Y100: 0.26 | Z100: 0.236 | AA100: 0.212 | AB100: 0.188 | AC100: 0.182 | AD100: 0.175 | AE100: 0.169 | AF100: 0.162 | AG100: 0.156 | AH100: 0.157 | AI100: 0.159 | AJ100: 0.16 | AK100: 0.162 | AL100: 0.163 | AM100: 0.164 | AN100: 0.164 | AO100: 0.164 | AP100: 0.164 | AQ100: 0.164 | AR100: 0.46126829
A101: CT | B101: Gas CT | C101: 0.004 | D101: 0.004 | E101: 0.004 | F101: 0.004 | G101: 0.004 | H101: 0.004 | I101: 0.004 | J101: 0.004 | K101: 0.004 | L101: 0.004 | M101: 0.003 | N101: 0.003 | O101: 0.003 | P101: 0.003 | Q101: 0.003 | R101: 0.003 | S101: 0.003 | T101: 0.001 | U101: 0 | V101: 0 | W101: 0 | X101: 0 | Y101: 0 | Z101: 0 | AA101: 0 | AB101: 0 | AC101: 0 | AD101: 0 | AE101: 0 | AF101: 0 | AG101: 0 | AH101: 0 | AI101: 0 | AJ101: 0 | AK101: 0 | AL101: 0 | AM101: 0 | AN101: 0 | AO101: 0 | AP101: 0 | AQ101: 0 | AR101: 0.0015121951
A102: CT | B102: Geothermal
A103: CT | B103: Hydro | C103: 0.328 | D103: 0.323 | E103: 0.318 | F103: 0.311 | G103: 0.304 | H103: 0.316 | I103: 0.328 | J103: 0.33 | K103: 0.331 | L103: 0.332 | M103: 0.332 | N103: 0.332 | O103: 0.332 | P103: 0.332 | Q103: 0.331 | R103: 0.332 | S103: 0.332 | T103: 0.363 | U103: 0.401 | V103: 0.405 | W103: 0.409 | X103: 0.409 | Y103: 0.409 | Z103: 0.409 | AA103: 0.409 | AB103: 0.409 | AC103: 0.409 | AD103: 0.409 | AE103: 0.409 | AF103: 0.409 | AG103: 0.409 | AH103: 0.409 | AI103: 0.409 | AJ103: 0.409 | AK103: 0.409 | AL103: 0.409 | AM103: 0.409 | AN103: 0.409 | AO103: 0.409 | AP103: 0.409 | AQ103: 0.409 | AR103: 0.37321951
A104: CT | B104: Nuclear | C104: 0.902 | D104: 0.902 | E104: 0.902 | F104: 0.902 | G104: 0.902 | H104: 0.902 | I104: 0.902 | J104: 0.902 | K104: 0.902 | L104: 0.902 | M104: 0.902 | N104: 0.902 | O104: 0.902 | P104: 0.902 | Q104: 0.902 | R104: 0.902 | S104: 0.902 | T104: 0.902 | U104: 0.902 | V104: 0.902 | W104: 0.902 | X104: 0.902 | Y104: 0.902 | Z104: 0.902 | AA104: 0.902 | AB104: 0.902 | AC104: 0.902 | AD104: 0.902 | AE104: 0.902 | AF104: 0.902 | AG104: 0.902 | AH104: 0.902 | AI104: 0.902 | AJ104: 0.902 | AK104: 0.902 | AL104: 0.902 | AM104: 0.902 | AN104: 0.902 | AO104: 0.902 | AP104: 0.902 | AR104: 0.902
A105: CT | B105: Other | C105: 0 | D105: 0 | E105: 0 | F105: 0 | G105: 0 | H105: 0 | I105: 0 | J105: 0 | K105: 0 | L105: 0 | M105: 0 | N105: 0 | O105: 0 | P105: 0 | Q105: 0 | R105: 0 | S105: 0 | T105: 0 | U105: 0 | V105: 0 | W105: 0 | X105: 0 | Y105: 0 | Z105: 0 | AA105: 0 | AB105: 0 | AC105: 0 | AD105: 0 | AE105: 0 | AF105: 0 | AG105: 0 | AH105: 0 | AI105: 0 | AJ105: 0 | AK105: 0 | AL105: 0 | AM105: 0 | AN105: 0 | AO105: 0 | AP105: 0 | AQ105: 0 | AR105: 0
A106: CT | B106: Utility PV | F106: 0.217 | G106: 0.217 | H106: 0.217 | I106: 0.216 | J106: 0.216 | K106: 0.216 | L106: 0.217 | M106: 0.217 | N106: 0.216 | O106: 0.215 | P106: 0.214 | Q106: 0.213 | R106: 0.212 | S106: 0.211 | T106: 0.21 | U106: 0.209 | V106: 0.207 | W106: 0.206 | X106: 0.205 | Y106: 0.204 | Z106: 0.204 | AA106: 0.204 | AB106: 0.204 | AC106: 0.206 | AD106: 0.208 | AE106: 0.209 | AF106: 0.21 | AG106: 0.21 | AH106: 0.209 | AI106: 0.208 | AJ106: 0.207 | AK106: 0.206 | AL106: 0.205 | AM106: 0.205 | AN106: 0.205 | AO106: 0.206 | AP106: 0.206 | AQ106: 0.206 | AR106: 0.20981579
A107: CT | B107: Wind offshore | P107: 0.435 | Q107: 0.435 | R107: 0.435 | S107: 0.435 | T107: 0.435 | U107: 0.435 | V107: 0.385 | W107: 0.378 | X107: 0.386 | Y107: 0.393 | Z107: 0.394 | AA107: 0.395 | AB107: 0.395 | AC107: 0.395 | AD107: 0.394 | AE107: 0.393 | AF107: 0.392 | AG107: 0.392 | AH107: 0.393 | AI107: 0.394 | AJ107: 0.395 | AK107: 0.396 | AL107: 0.397 | AM107: 0.397 | AN107: 0.397 | AO107: 0.397 | AP107: 0.397 | AQ107: 0.397 | AR107: 0.40221429
...

Sheet BECF-pre-ret
A1: Expected Capacity Factor (dimensionless) | B1: 2016 | C1: 2017 | D1: 2018 | E1: 2019 | F1: 2020 | G1: 2021 | H1: 2022 | I1: 2023 | J1: 2024 | K1: 2025 | L1: 2026 | M1: 2027 | N1: 2028 | O1: 2029 | P1: 2030 | Q1: 2031 | R1: 2032 | S1: 2033 | T1: 2034 | U1: 2035 | V1: 2036 | W1: 2037 | X1: 2038 | Y1: 2039 | Z1: 2040 | AA1: 2041 | AB1: 2042 | AC1: 2043 | AD1: 2044 | AE1: 2045 | AF1: 2046 | AG1: 2047 | AH1: 2048 | AI1: 2049 | AJ1: 2050
A2: hard coal | B2: 0.605 | C2: 0.605 | D2: 0.605 | E2: 0.605 | F2: 0.605 | G2: 0.605 | H2: 0.605 | I2: 0.605 | J2: 0.605 | K2: 0.605 | L2: 0.605 | M2: 0.605 | N2: 0.605 | O2: 0.605 | P2: 0.605 | Q2: 0.605 | R2: 0.605 | S2: 0.605 | T2: 0.605 | U2: 0.605 | V2: 0.605 | W2: 0.605 | X2: 0.605 | Y2: 0.605 | Z2: 0.605 | AA2: 0.605 | AB2: 0.605 | AC2: 0.605 | AD2: 0.605 | AE2: 0.605 | AF2: 0.605 | AG2: 0.605 | AH2: 0.605 | AI2: 0.605 | AJ2: 0.605
A3: natural gas nonpeaker | B3: 0.233 | C3: 0.233 | D3: 0.233 | E3: 0.233 | F3: 0.233 | G3: 0.233 | H3: 0.233 | I3: 0.233 | J3: 0.233 | K3: 0.233 | L3: 0.233 | M3: 0.233 | N3: 0.233 | O3: 0.233 | P3: 0.233 | Q3: 0.233 | R3: 0.233 | S3: 0.233 | T3: 0.233 | U3: 0.233 | V3: 0.233 | W3: 0.233 | X3: 0.233 | Y3: 0.233 | Z3: 0.233 | AA3: 0.233 | AB3: 0.233 | AC3: 0.233 | AD3: 0.233 | AE3: 0.233 | AF3: 0.233 | AG3: 0.233 | AH3: 0.233 | AI3: 0.233 | AJ3: 0.233
A4: nuclear | B4: 1.031 | C4: 1.031 | D4: 1.031 | E4: 1.031 | F4: 1.031 | G4: 1.031 | H4: 1.031 | I4: 1.031 | J4: 1.031 | K4: 1.031 | L4: 1.031 | M4: 1.031 | N4: 1.031 | O4: 1.031 | P4: 1.031 | Q4: 1.031 | R4: 1.031 | S4: 1.031 | T4: 1.031 | U4: 1.031 | V4: 1.031 | W4: 1.031 | X4: 1.031 | Y4: 1.031 | Z4: 1.031 | AA4: 1.031 | AB4: 1.031 | AC4: 1.031 | AD4: 1.031 | AE4: 1.031 | AF4: 1.031 | AG4: 1.031 | AH4: 1.031 | AI4: 1.031 | AJ4: 1.031
A5: hydro | B5: 0.546 | C5: 0.546 | D5: 0.546 | E5: 0.546 | F5: 0.546 | G5: 0.546 | H5: 0.546 | I5: 0.546 | J5: 0.546 | K5: 0.546 | L5: 0.546 | M5: 0.546 | N5: 0.546 | O5: 0.546 | P5: 0.546 | Q5: 0.546 | R5: 0.546 | S5: 0.546 | T5: 0.546 | U5: 0.546 | V5: 0.546 | W5: 0.546 | X5: 0.546 | Y5: 0.546 | Z5: 0.546 | AA5: 0.546 | AB5: 0.546 | AC5: 0.546 | AD5: 0.546 | AE5: 0.546 | AF5: 0.546 | AG5: 0.546 | AH5: 0.546 | AI5: 0.546 | AJ5: 0.546
A6: onshore wind | B6: 0.407 | C6: 0.407 | D6: 0.407 | E6: 0.407 | F6: 0.407 | G6: 0.407 | H6: 0.407 | I6: 0.407 | J6: 0.407 | K6: 0.407 | L6: 0.407 | M6: 0.407 | N6: 0.407 | O6: 0.407 | P6: 0.407 | Q6: 0.407 | R6: 0.407 | S6: 0.407 | T6: 0.407 | U6: 0.407 | V6: 0.407 | W6: 0.407 | X6: 0.407 | Y6: 0.407 | Z6: 0.407 | AA6: 0.407 | AB6: 0.407 | AC6: 0.407 | AD6: 0.407 | AE6: 0.407 | AF6: 0.407 | AG6: 0.407 | AH6: 0.407 | AI6: 0.407 | AJ6: 0.407
A7: solar PV | B7: 0.195 | C7: 0.195 | D7: 0.195 | E7: 0.195 | F7: 0.195 | G7: 0.195 | H7: 0.195 | I7: 0.195 | J7: 0.195 | K7: 0.195 | L7: 0.195 | M7: 0.195 | N7: 0.195 | O7: 0.195 | P7: 0.195 | Q7: 0.195 | R7: 0.195 | S7: 0.195 | T7: 0.195 | U7: 0.195 | V7: 0.195 | W7: 0.195 | X7: 0.195 | Y7: 0.195 | Z7: 0.195 | AA7: 0.195 | AB7: 0.195 | AC7: 0.195 | AD7: 0.195 | AE7: 0.195 | AF7: 0.195 | AG7: 0.195 | AH7: 0.195 | AI7: 0.195 | AJ7: 0.195
A8: solar thermal | B8: 0.214 | C8: 0.214 | D8: 0.214 | E8: 0.214 | F8: 0.214 | G8: 0.214 | H8: 0.214 | I8: 0.214 | J8: 0.214 | K8: 0.214 | L8: 0.214 | M8: 0.214 | N8: 0.214 | O8: 0.214 | P8: 0.214 | Q8: 0.214 | R8: 0.214 | S8: 0.214 | T8: 0.214 | U8: 0.214 | V8: 0.214 | W8: 0.214 | X8: 0.214 | Y8: 0.214 | Z8: 0.214 | AA8: 0.214 | AB8: 0.214 | AC8: 0.214 | AD8: 0.214 | AE8: 0.214 | AF8: 0.214 | AG8: 0.214 | AH8: 0.214 | AI8: 0.214 | AJ8: 0.214
A9: biomass | B9: 0.599 | C9: 0.599 | D9: 0.599 | E9: 0.599 | F9: 0.599 | G9: 0.599 | H9: 0.599 | I9: 0.599 | J9: 0.599 | K9: 0.599 | L9: 0.599 | M9: 0.599 | N9: 0.599 | O9: 0.599 | P9: 0.599 | Q9: 0.599 | R9: 0.599 | S9: 0.599 | T9: 0.599 | U9: 0.599 | V9: 0.599 | W9: 0.599 | X9: 0.599 | Y9: 0.599 | Z9: 0.599 | AA9: 0.599 | AB9: 0.599 | AC9: 0.599 | AD9: 0.599 | AE9: 0.599 | AF9: 0.599 | AG9: 0.599 | AH9: 0.599 | AI9: 0.599 | AJ9: 0.599
A10: geothermal | B10: 0.483 | C10: 0.483 | D10: 0.483 | E10: 0.483 | F10: 0.483 | G10: 0.483 | H10: 0.483 | I10: 0.483 | J10: 0.483 | K10: 0.483 | L10: 0.483 | M10: 0.483 | N10: 0.483 | O10: 0.483 | P10: 0.483 | Q10: 0.483 | R10: 0.483 | S10: 0.483 | T10: 0.483 | U10: 0.483 | V10: 0.483 | W10: 0.483 | X10: 0.483 | Y10: 0.483 | Z10: 0.483 | AA10: 0.483 | AB10: 0.483 | AC10: 0.483 | AD10: 0.483 | AE10: 0.483 | AF10: 0.483 | AG10: 0.483 | AH10: 0.483 | AI10: 0.483 | AJ10: 0.483
A11: petroleum | B11: 0.003 | C11: 0.003 | D11: 0.003 | E11: 0.003 | F11: 0.003 | G11: 0.003 | H11: 0.003 | I11: 0.003 | J11: 0.003 | K11: 0.003 | L11: 0.003 | M11: 0.003 | N11: 0.003 | O11: 0.003 | P11: 0.003 | Q11: 0.003 | R11: 0.003 | S11: 0.003 | T11: 0.003 | U11: 0.003 | V11: 0.003 | W11: 0.003 | X11: 0.003 | Y11: 0.003 | Z11: 0.003 | AA11: 0.003 | AB11: 0.003 | AC11: 0.003 | AD11: 0.003 | AE11: 0.003 | AF11: 0.003 | AG11: 0.003 | AH11: 0.003 | AI11: 0.003 | AJ11: 0.003
A12: natural gas peaker | B12: 0.02 | C12: 0.02 | D12: 0.02 | E12: 0.02 | F12: 0.02 | G12: 0.02 | H12: 0.02 | I12: 0.02 | J12: 0.02 | K12: 0.02 | L12: 0.02 | M12: 0.02 | N12: 0.02 | O12: 0.02 | P12: 0.02 | Q12: 0.02 | R12: 0.02 | S12: 0.02 | T12: 0.02 | U12: 0.02 | V12: 0.02 | W12: 0.02 | X12: 0.02 | Y12: 0.02 | Z12: 0.02 | AA12: 0.02 | AB12: 0.02 | AC12: 0.02 | AD12: 0.02 | AE12: 0.02 | AF12: 0.02 | AG12: 0.02 | AH12: 0.02 | AI12: 0.02 | AJ12: 0.02
... A17: municipal solid waste | B17: 0.245 | C17: 0.245 | D17: 0.245 | E17: 0.245 | F17: 0.245 | G17: 0.245 | H17: 0.245 | I17: 0.245 | J17: 0.245 | K17: 0.245 | L17: 0.245 | M17: 0.245 | N17: 0.245 | O17: 0.245 | P17: 0.245 | Q17: 0.245 | R17: 0.245 | S17: 0.245 | T17: 0.245 | U17: 0.245 | V17: 0.245 | W17: 0.245 | X17: 0.245 | Y17: 0.245 | Z17: 0.245 | AA17: 0.245 | AB17: 0.245 | AC17: 0.245 | AD17: 0.245 | AE17: 0.245 | AF17: 0.245 | AG17: 0.245 | AH17: 0.245 | AI17: 0.245 | AJ17: 0.245

Sheet BECF-pre-nonret
A1: Expected Capacity Factor (dimensionless) | B1: 2016 | C1: 2017 | D1: 2018 | E1: 2019 | F1: 2020 | G1: 2021 | H1: 2022 | I1: 2023 | J1: 2024 | K1: 2025 | L1: 2026 | M1: 2027 | N1: 2028 | O1: 2029 | P1: 2030 | Q1: 2031 | R1: 2032 | S1: 2033 | T1: 2034 | U1: 2035 | V1: 2036 | W1: 2037 | X1: 2038 | Y1: 2039 | Z1: 2040 | AA1: 2041 | AB1: 2042 | AC1: 2043 | AD1: 2044 | AE1: 2045 | AF1: 2046 | AG1: 2047 | AH1: 2048 | AI1: 2049 | AJ1: 2050
A2: hard coal | B2: 0 | C2: =$B2 | D2: =$B2 | E2: =$B2 | F2: =$B2 | G2: =$B2 | H2: =$B2 | I2: =$B2 | J2: =$B2 | ... AJ2: =$B2
A3: natural gas nonpeaker | B3: 0 | C3: =$B3 | D3: =$B3 | E3: =$B3 | F3: =$B3 | G3: =$B3 | H3: =$B3 | I3: =$B3 | J3: =$B3 | ... AJ3: =$B3
A4: nuclear | B4: 0 | C4: =$B4 | D4: =$B4 | E4: =$B4 | F4: =$B4 | G4: =$B4 | H4: =$B4 | I4: =$B4 | J4: =$B4 | ... AJ4: =$B4
A5: hydro | B5: 0 | C5: =$B5 | D5: =$B5 | E5: =$B5 | F5: =$B5 | G5: =$B5 | H5: =$B5 | I5: =$B5 | J5: =$B5 | ... AJ5: =$B5
A6: onshore wind | B6: 0 | C6: =$B6 | D6: =$B6 | E6: =$B6 | F6: =$B6 | G6: =$B6 | H6: =$B6 | I6: =$B6 | J6: =$B6 | ... AJ6: =$B6
A7: solar PV | B7: 0 | C7: =$B7 | D7: =$B7 | E7: =$B7 | F7: =$B7 | G7: =$B7 | H7: =$B7 | I7: =$B7 | J7: =$B7 | ... AJ7: =$B7
A8: solar thermal | B8: 0 | C8: =$B8 | D8: =$B8 | E8: =$B8 | F8: =$B8 | G8: =$B8 | H8: =$B8 | I8: =$B8 | J8: =$B8 | ... AJ8: =$B8
A9: biomass | B9: 0 | C9: =$B9 | D9: =$B9 | E9: =$B9 | F9: =$B9 | G9: =$B9 | H9: =$B9 | I9: =$B9 | J9: =$B9 | ... AJ9: =$B9
A10: geothermal | B10: 0 | C10: =$B10 | D10: =$B10 | E10: =$B10 | F10: =$B10 | G10: =$B10 | H10: =$B10 | I10: =$B10 | J10: =$B10 | ... AJ10: =$B10
A11: petroleum | B11: 0 | C11: =$B11 | D11: =$B11 | E11: =$B11 | F11: =$B11 | G11: =$B11 | H11: =$B11 | I11: =$B11 | J11: =$B11 | ... AJ11: =$B11
A12: natural gas peaker | B12: 0 | C12: =$B12 | D12: =$B12 | E12: =$B12 | F12: =$B12 | G12: =$B12 | H12: =$B12 | I12: =$B12 | J12: =$B12 | ... AJ12: =$B12
A13: lignite | B13: 0 | C13: =$B13 | D13: =$B13 | E13: =$B13 | F13: =$B13 | G13: =$B13 | H13: =$B13 | I13: =$B13 | J13: =$B13 | ... AJ13: =$B13
... A17: municipal solid waste | B17: 0 | C17: =$B17 | D17: =$B17 | E17: =$B17 | F17: =$B17 | G17: =$B17 | H17: =$B17 | I17: =$B17 | J17: =$B17 | ... AJ17: =$B17

Sheet BECF-new
A1: Expected Capacity Factor (dimensionless) | B1: 2016 | C1: 2017 | D1: 2018 | E1: 2019 | F1: 2020 | G1: 2021 | H1: 2022 | I1: 2023 | J1: 2024 | K1: 2025 | L1: 2026 | M1: 2027 | N1: 2028 | O1: 2029 | P1: 2030 | Q1: 2031 | R1: 2032 | S1: 2033 | T1: 2034 | U1: 2035 | V1: 2036 | W1: 2037 | X1: 2038 | Y1: 2039 | Z1: 2040 | AA1: 2041 | AB1: 2042 | AC1: 2043 | AD1: 2044 | AE1: 2045 | AF1: 2046 | AG1: 2047 | AH1: 2048 | AI1: 2049 | AJ1: 2050
A2: hard coal | B2: ='BECF-pre-ret'!B2*1.1 | C2: =$B2 | D2: =$B2 | E2: =$B2 | F2: =$B2 | G2: =$B2 | H2: =$B2 | I2: =$B2 | J2: =$B2 | ... AJ2: =$B2
A3: natural gas nonpeaker | B3: ='BECF-pre-ret'!B3*1.1 | C3: =$B3 | D3: =$B3 | E3: =$B3 | F3: =$B3 | G3: =$B3 | H3: =$B3 | I3: =$B3 | J3: =$B3 | ... AJ3: =$B3
A4: nuclear | B4: ='BECF-pre-ret'!B4 | C4: =$B4 | D4: =$B4 | E4: =$B4 | F4: =$B4 | G4: =$B4 | H4: =$B4 | I4: =$B4 | J4: =$B4 | ... AJ4: =$B4
A5: hydro | B5: ='BECF-pre-ret'!B5*1.1 | C5: =$B5 | D5: =$B5 | E5: =$B5 | F5: =$B5 | G5: =$B5 | H5: =$B5 | I5: =$B5 | J5: =$B5 | ... AJ5: =$B5
A6: onshore wind | B6: =C6 | C6: =D6 | D6: =E6 | E6: ='Gridlab Cap Factors'!C14 | F6: ='Gridlab Cap Factors'!D14 | G6: ='Gridlab Cap Factors'!E14 | H6: ='Gridlab Cap Factors'!F14 | I6: ='Gridlab Cap Factors'!G14 | J6: ='Gridlab Cap Factors'!H14 | K6: ='Gridlab Cap Factors'!I14 | L6: ='Gridlab Cap Factors'!J14 | ... AJ6: ='Gridlab Cap Factors'!AH14
A7: solar PV | B7: =C7 | C7: =D7 | D7: =E7 | E7: ='Gridlab Cap Factors'!C12 | F7: ='Gridlab Cap Factors'!D12 | G7: ='Gridlab Cap Factors'!E12 | H7: ='Gridlab Cap Factors'!F12 | I7: ='Gridlab Cap Factors'!G12 | J7: ='Gridlab Cap Factors'!H12 | K7: ='Gridlab Cap Factors'!I12 | L7: ='Gridlab Cap Factors'!J12 | ... AJ7: ='Gridlab Cap Factors'!AH12
A8: solar thermal | B8: =D8 | C8: =E8 | D8: ='NREL ATB'!B28 | E8: ='NREL ATB'!C28 | F8: ='NREL ATB'!D28 | G8: ='NREL ATB'!E28 | H8: ='NREL ATB'!F28 | I8: ='NREL ATB'!G28 | J8: ='NREL ATB'!H28 | K8: ='NREL ATB'!I28 | ... AJ8: ='NREL ATB'!AH28
A9: biomass | B9: ='BECF-pre-ret'!B9*1.1 | C9: =$B9 | D9: =$B9 | E9: =$B9 | F9: =$B9 | G9: =$B9 | H9: =$B9 | I9: =$B9 | J9: =$B9 | ... AJ9: =$B9
A10: geothermal | B10: ='BECF-pre-ret'!B10*1.1 | C10: =$B10 | D10: =$B10 | E10: =$B10 | F10: =$B10 | G10: =$B10 | H10: =$B10 | I10: =$B10 | J10: =$B10 | ... AJ10: =$B10
A11: petroleum | B11: ='BECF-pre-ret'!B11*1.1 | C11: =$B11 | D11: =$B11 | E11: =$B11 | F11: =$B11 | G11: =$B11 | H11: =$B11 | I11: =$B11 | J11: =$B11 | ... AJ11: =$B11
A12: natural gas peaker | B12: ='BECF-pre-ret'!B12*1.1 | C12: =$B12 | D12: =$B12 | E12: =$B12 | F12: =$B12 | G12: =$B12 | H12: =$B12 | I12: =$B12 | J12: =$B12 | ... AJ12: =$B12
A13: lignite | B13: ='BECF-pre-ret'!B13*1.1 | C13: =$B13 | D13: =$B13 | E13: =$B13 | F13: =$B13 | G13: =$B13 | H13: =$B13 | I13: =$B13 | J13: =$B13 | ... AJ13: =$B13
A14: offshore wind | B14: =IF('BECF-pre-ret'!B14>0, D14, 0) | C14: =B14 | D14: =E14 | E14: ='BECF-pre-ret'!D14 | F14: ='BECF-pre-ret'!E14 | G14: ='BECF-pre-ret'!F14 | H14: ='BECF-pre-ret'!G14 | I14: ='BECF-pre-ret'!H14 | J14: ='BECF-pre-ret'!I14 | K14: ='BECF-pre-ret'!J14 | L14: ='BECF-pre-ret'!K14 | ... AJ14: ='BECF-pre-ret'!AI14
A15: crude oil | B15: ='BECF-pre-ret'!B15*1.1 | C15: =$B15 | D15: =$B15 | E15: =$B15 | F15: =$B15 | G15: =$B15 | H15: =$B15 | I15: =$B15 | J15: =$B15 | ... AJ15: =$B15
A16: heavy or residual fuel oil | B16: ='BECF-pre-ret'!B16*1.1 | C16: =$B16 | D16: =$B16 | E16: =$B16 | F16: =$B16 | G16: =$B16 | H16: =$B16 | I16: =$B16 | J16: =$B16 | ... AJ16: =$B16
A17: municipal solid waste | B17: ='BECF-pre-ret'!B17*1.1 | C17: =$B17 | D17: =$B17 | E17: =$B17 | F17: =$B17 | G17: =$B17 | H17: =$B17 | I17: =$B17 | J17: =$B17 | ... AJ17: =$B17
