Workbook
Name cities: Calculations!$B$61:$B$65

Sheet About
A1: DSCF Distributed Solar Capacity Factor | B1: Nebraska | C1: 44307
A3: Source: | B3: NREL
B4: 2020
B5: Annual Technology Baseline 2020
B6: https://atb.nrel.gov/electricity/2020/files/2020-ATB-Data-Mac.xlsm
B7: "Solar - PV Dist. Res" tab
A9: Source for state data | B9: Geographic center of state
B10: Closest to representative city
A14: Notes (ATB)
A15: We use the "Mid" cases for each city.

Sheet Calculations
C1: 2018 | D1: 2019 | E1: 2020 | F1: 2021 | G1: 2022 | H1: 2023 | I1: 2024 | J1: 2025 | K1: 2026 | L1: 2027 | M1: 2028 | N1: 2029 | O1: 2030 | P1: 2031 | Q1: 2032 | R1: 2033 | S1: 2034 | T1: 2035 | U1: 2036 | V1: 2037 | W1: 2038 | X1: 2039 | Y1: 2040 | Z1: 2041 | AA1: 2042 | AB1: 2043 | AC1: 2044 | AD1: 2045 | AE1: 2046 | AF1: 2047 | AG1: 2048 | AH1: 2049 | AI1: 2050
A2: State | B2: =About!B1
A3: Closest Rep City (Latitude) | B3: =LOOKUP(B2,A8:C58,C8:C58) | C3: =SUMIFS(B75:B79,$A75:$A79,$B3) | D3: =SUMIFS(C75:C79,$A75:$A79,$B3) | E3: =SUMIFS(D75:D79,$A75:$A79,$B3) | F3: =SUMIFS(E75:E79,$A75:$A79,$B3) | G3: =SUMIFS(F75:F79,$A75:$A79,$B3) | H3: =SUMIFS(G75:G79,$A75:$A79,$B3) | I3: =SUMIFS(H75:H79,$A75:$A79,$B3) | J3: =SUMIFS(I75:I79,$A75:$A79,$B3) | ... AI3: =SUMIFS(AH75:AH79,$A75:$A79,$B3)
A7: State or federal district | B7: Location (N) (Center)
A8: Alabama | B8: 32.7794 | C8: {=INDEX(A$61:A$65,MATCH(MIN(ABS(cities-B8)),ABS(cities-B8),0))}
A9: Alaska | B9: 64.0685 | C9: {=INDEX(A$61:A$65,MATCH(MIN(ABS(cities-B9)),ABS(cities-B9),0))}
A10: Arizona | B10: 34.2744 | C10: {=INDEX(A$61:A$65,MATCH(MIN(ABS(cities-B10)),ABS(cities-B10),0))}
A11: Arkansas | B11: 34.8938 | C11: {=INDEX(A$61:A$65,MATCH(MIN(ABS(cities-B11)),ABS(cities-B11),0))}
A12: California | B12: 37.1841 | C12: {=INDEX(A$61:A$65,MATCH(MIN(ABS(cities-B12)),ABS(cities-B12),0))}
A13: Colorado | B13: 38.9972 | C13: {=INDEX(A$61:A$65,MATCH(MIN(ABS(cities-B13)),ABS(cities-B13),0))}
A14: Connecticut | B14: 41.6219 | C14: {=INDEX(A$61:A$65,MATCH(MIN(ABS(cities-B14)),ABS(cities-B14),0))}
A15: Delaware | B15: 38.9896 | C15: {=INDEX(A$61:A$65,MATCH(MIN(ABS(cities-B15)),ABS(cities-B15),0))}
A16: District of Columbia | B16: 38.9101 | C16: {=INDEX(A$61:A$65,MATCH(MIN(ABS(cities-B16)),ABS(cities-B16),0))}
A17: Florida | B17: 28.6305 | C17: {=INDEX(A$61:A$65,MATCH(MIN(ABS(cities-B17)),ABS(cities-B17),0))}
A18: Georgia | B18: 32.6415 | C18: {=INDEX(A$61:A$65,MATCH(MIN(ABS(cities-B18)),ABS(cities-B18),0))}
A19: Hawaii | B19: 20.2927 | C19: {=INDEX(A$61:A$65,MATCH(MIN(ABS(cities-B19)),ABS(cities-B19),0))}
... A58: Wyoming | B58: 42.9957 | C58: {=INDEX(A$61:A$65,MATCH(MIN(ABS(cities-B58)),ABS(cities-B58),0))}
B60: Latitude (N)
A61: Seattle | B61: 47.6062
A62: Chicago | B62: 41.8781
A63: Kansas City | B63: 39.0997
A64: Los Angeles | B64: 34.0522
A65: Daggett | B65: 34.864
B74: 2018 | C74: 2019 | D74: 2020 | E74: 2021 | F74: 2022 | G74: 2023 | H74: 2024 | I74: 2025 | J74: 2026 | K74: 2027 | L74: 2028 | M74: 2029 | N74: 2030 | O74: 2031 | P74: 2032 | Q74: 2033 | R74: 2034 | S74: 2035 | T74: 2036 | U74: 2037 | V74: 2038 | W74: 2039 | X74: 2040 | Y74: 2041 | Z74: 2042 | AA74: 2043 | AB74: 2044 | AC74: 2045 | AD74: 2046 | AE74: 2047 | AF74: 2048 | AG74: 2049 | AH74: 2050
A75: Seattle | B75: 0.13369128 | C75: 0.13388088 | D75: 0.13407049 | E75: 0.1342601 | F75: 0.1344497 | G75: 0.13463931 | H75: 0.13482892 | I75: 0.13501852 | J75: 0.13520813 | K75: 0.13539773 | L75: 0.13558734 | M75: 0.13577695 | N75: 0.13596655 | O75: 0.13614211 | P75: 0.13631767 | Q75: 0.13649323 | R75: 0.13666879 | S75: 0.13684435 | T75: 0.13701991 | U75: 0.13719547 | V75: 0.13737103 | W75: 0.13754659 | X75: 0.13772215 | Y75: 0.13789771 | Z75: 0.13807327 | AA75: 0.13824884 | AB75: 0.1384244 | AC75: 0.13859996 | AD75: 0.13877552 | AE75: 0.13895108 | AF75: 0.13912664 | AG75: 0.1393022 | AH75: 0.13947776
A76: Chicago | B76: 0.15435658 | C76: 0.15457549 | D76: 0.15479441 | E76: 0.15501332 | F76: 0.15523224 | G76: 0.15545115 | H76: 0.15567007 | I76: 0.15588898 | J76: 0.1561079 | K76: 0.15632681 | L76: 0.15654573 | M76: 0.15676464 | N76: 0.15698356 | O76: 0.15718625 | P76: 0.15738895 | Q76: 0.15759165 | R76: 0.15779435 | S76: 0.15799704 | T76: 0.15819974 | U76: 0.15840244 | V76: 0.15860513 | W76: 0.15880783 | X76: 0.15901053 | Y76: 0.15921323 | Z76: 0.15941592 | AA76: 0.15961862 | AB76: 0.15982132 | AC76: 0.16002402 | AD76: 0.16022671 | AE76: 0.16042941 | AF76: 0.16063211 | AG76: 0.1608348 | AH76: 0.1610375
A77: Kansas City | B77: 0.16519145 | C77: 0.16542573 | D77: 0.16566001 | E77: 0.16589429 | F77: 0.16612857 | G77: 0.16636285 | H77: 0.16659713 | I77: 0.16683142 | J77: 0.1670657 | K77: 0.16729998 | L77: 0.16753426 | M77: 0.16776854 | N77: 0.16800282 | O77: 0.16821975 | P77: 0.16843667 | Q77: 0.1686536 | R77: 0.16887052 | S77: 0.16908745 | T77: 0.16930437 | U77: 0.1695213 | V77: 0.16973822 | W77: 0.16995515 | X77: 0.17017207 | Y77: 0.170389 | Z77: 0.17060593 | AA77: 0.17082285 | AB77: 0.17103978 | AC77: 0.1712567 | AD77: 0.17147363 | AE77: 0.17169055 | AF77: 0.17190748 | AG77: 0.1721244 | AH77: 0.17234133
A78: Los Angeles | B78: 0.18996493 | C78: 0.19023435 | D78: 0.19050377 | E78: 0.19077318 | F78: 0.1910426 | G78: 0.19131201 | H78: 0.19158143 | I78: 0.19185085 | J78: 0.19212026 | K78: 0.19238968 | L78: 0.19265909 | M78: 0.19292851 | N78: 0.19319793 | O78: 0.19344738 | P78: 0.19369684 | Q78: 0.1939463 | R78: 0.19419575 | S78: 0.19444521 | T78: 0.19469467 | U78: 0.19494413 | V78: 0.19519358 | W78: 0.19544304 | X78: 0.1956925 | Y78: 0.19594196 | Z78: 0.19619141 | AA78: 0.19644087 | AB78: 0.19669033 | AC78: 0.19693979 | AD78: 0.19718924 | AE78: 0.1974387 | AF78: 0.19768816 | AG78: 0.19793761 | AH78: 0.19818707
A79: Daggett | B79: 0.20750952 | C79: 0.20780382 | D79: 0.20809812 | E79: 0.20839242 | F79: 0.20868672 | G79: 0.20898102 | H79: 0.20927531 | I79: 0.20956961 | J79: 0.20986391 | K79: 0.21015821 | L79: 0.21045251 | M79: 0.21074681 | N79: 0.2110411 | O79: 0.2113136 | P79: 0.2115861 | Q79: 0.21185859 | R79: 0.21213109 | S79: 0.21240359 | T79: 0.21267608 | U79: 0.21294858 | V79: 0.21322108 | W79: 0.21349357 | X79: 0.21376607 | Y79: 0.21403857 | Z79: 0.21431106 | AA79: 0.21458356 | AB79: 0.21485605 | AC79: 0.21512855 | AD79: 0.21540105 | AE79: 0.21567354 | AF79: 0.21594604 | AG79: 0.21621854 | AH79: 0.21649103

Sheet Solar - PV Dist. Res 2020
A1: Link | B1: https://atb.nrel.gov/electricity/2020/files/2020-ATB-Data-Mac.xlsm
A2: Tab | B2: Solar - PV Dist. Res
C7: 2018 | D7: 2019 | E7: 2020 | F7: 2021 | G7: 2022 | H7: 2023 | I7: 2024 | J7: 2025 | K7: 2026 | L7: 2027 | M7: 2028 | N7: 2029 | O7: 2030 | P7: 2031 | Q7: 2032 | R7: 2033 | S7: 2034 | T7: 2035 | U7: 2036 | V7: 2037 | W7: 2038 | X7: 2039 | Y7: 2040 | Z7: 2041 | AA7: 2042 | AB7: 2043 | AC7: 2044 | AD7: 2045 | AE7: 2046 | AF7: 2047 | AG7: 2048 | AH7: 2049 | AI7: 2050
A8: Net Capacity Factor (%) | B8: Res PV - Seattle - Advanced | C8: 0.13369128 | D8: 0.13417348 | E8: 0.13465569 | F8: 0.1351379 | G8: 0.1356201 | H8: 0.13610231 | I8: 0.13658452 | J8: 0.13706672 | K8: 0.13754893 | L8: 0.13803114 | M8: 0.13851334 | N8: 0.13899555 | O8: 0.13947776 | P8: 0.13947776 | Q8: 0.13947776 | R8: 0.13947776 | S8: 0.13947776 | T8: 0.13947776 | U8: 0.13947776 | V8: 0.13947776 | W8: 0.13947776 | X8: 0.13947776 | Y8: 0.13947776 | Z8: 0.13947776 | AA8: 0.13947776 | AB8: 0.13947776 | AC8: 0.13947776 | AD8: 0.13947776 | AE8: 0.13947776 | AF8: 0.13947776 | AG8: 0.13947776 | AH8: 0.13947776 | AI8: 0.13947776
B9: Res PV - Seattle - Moderate | C9: 0.13369128 | D9: 0.13388088 | E9: 0.13407049 | F9: 0.1342601 | G9: 0.1344497 | H9: 0.13463931 | I9: 0.13482892 | J9: 0.13501852 | K9: 0.13520813 | L9: 0.13539773 | M9: 0.13558734 | N9: 0.13577695 | O9: 0.13596655 | P9: 0.13614211 | Q9: 0.13631767 | R9: 0.13649323 | S9: 0.13666879 | T9: 0.13684435 | U9: 0.13701991 | V9: 0.13719547 | W9: 0.13737103 | X9: 0.13754659 | Y9: 0.13772215 | Z9: 0.13789771 | AA9: 0.13807327 | AB9: 0.13824884 | AC9: 0.1384244 | AD9: 0.13859996 | AE9: 0.13877552 | AF9: 0.13895108 | AG9: 0.13912664 | AH9: 0.1393022 | AI9: 0.13947776
B10: Res PV - Seattle - Conservative | C10: 0.13369128 | D10: 0.13369128 | E10: 0.13369128 | F10: 0.13369128 | G10: 0.13369128 | H10: 0.13369128 | I10: 0.13369128 | J10: 0.13369128 | K10: 0.13369128 | L10: 0.13369128 | M10: 0.13369128 | N10: 0.13369128 | O10: 0.13369128 | P10: 0.13380504 | Q10: 0.1339188 | R10: 0.13403257 | S10: 0.13414633 | T10: 0.1342601 | U10: 0.13437386 | V10: 0.13448762 | W10: 0.13460139 | X10: 0.13471515 | Y10: 0.13482892 | Z10: 0.13494268 | AA10: 0.13505644 | AB10: 0.13517021 | AC10: 0.13528397 | AD10: 0.13539773 | AE10: 0.1355115 | AF10: 0.13562526 | AG10: 0.13573903 | AH10: 0.13585279 | AI10: 0.13596655
B11: Res PV - Chicago - Advanced | C11: 0.15435658 | D11: 0.15491332 | E11: 0.15547007 | F11: 0.15602681 | G11: 0.15658355 | H11: 0.1571403 | I11: 0.15769704 | J11: 0.15825378 | K11: 0.15881053 | L11: 0.15936727 | M11: 0.15992402 | N11: 0.16048076 | O11: 0.1610375 | P11: 0.1610375 | Q11: 0.1610375 | R11: 0.1610375 | S11: 0.1610375 | T11: 0.1610375 | U11: 0.1610375 | V11: 0.1610375 | W11: 0.1610375 | X11: 0.1610375 | Y11: 0.1610375 | Z11: 0.1610375 | AA11: 0.1610375 | AB11: 0.1610375 | AC11: 0.1610375 | AD11: 0.1610375 | AE11: 0.1610375 | AF11: 0.1610375 | AG11: 0.1610375 | AH11: 0.1610375 | AI11: 0.1610375
B12: Res PV - Chicago - Moderate | C12: 0.15435658 | D12: 0.15457549 | E12: 0.15479441 | F12: 0.15501332 | G12: 0.15523224 | H12: 0.15545115 | I12: 0.15567007 | J12: 0.15588898 | K12: 0.1561079 | L12: 0.15632681 | M12: 0.15654573 | N12: 0.15676464 | O12: 0.15698356 | P12: 0.15718625 | Q12: 0.15738895 | R12: 0.15759165 | S12: 0.15779435 | T12: 0.15799704 | U12: 0.15819974 | V12: 0.15840244 | W12: 0.15860513 | X12: 0.15880783 | Y12: 0.15901053 | Z12: 0.15921323 | AA12: 0.15941592 | AB12: 0.15961862 | AC12: 0.15982132 | AD12: 0.16002402 | AE12: 0.16022671 | AF12: 0.16042941 | AG12: 0.16063211 | AH12: 0.1608348 | AI12: 0.1610375
B13: Res PV - Chicago - Conservative | C13: 0.15435658 | D13: 0.15435658 | E13: 0.15435658 | F13: 0.15435658 | G13: 0.15435658 | H13: 0.15435658 | I13: 0.15435658 | J13: 0.15435658 | K13: 0.15435658 | L13: 0.15435658 | M13: 0.15435658 | N13: 0.15435658 | O13: 0.15435658 | P13: 0.15448793 | Q13: 0.15461928 | R13: 0.15475063 | S13: 0.15488197 | T13: 0.15501332 | U13: 0.15514467 | V13: 0.15527602 | W13: 0.15540737 | X13: 0.15553872 | Y13: 0.15567007 | Z13: 0.15580142 | AA13: 0.15593277 | AB13: 0.15606411 | AC13: 0.15619546 | AD13: 0.15632681 | AE13: 0.15645816 | AF13: 0.15658951 | AG13: 0.15672086 | AH13: 0.15685221 | AI13: 0.15698356
B14: Res PV - Kansas City - Advanced | C14: 0.16519145 | D14: 0.16578727 | E14: 0.16638309 | F14: 0.16697892 | G14: 0.16757474 | H14: 0.16817056 | I14: 0.16876639 | J14: 0.16936221 | K14: 0.16995803 | L14: 0.17055386 | M14: 0.17114968 | N14: 0.17174551 | O14: 0.17234133 | P14: 0.17234133 | Q14: 0.17234133 | R14: 0.17234133 | S14: 0.17234133 | T14: 0.17234133 | U14: 0.17234133 | V14: 0.17234133 | W14: 0.17234133 | X14: 0.17234133 | Y14: 0.17234133 | Z14: 0.17234133 | AA14: 0.17234133 | AB14: 0.17234133 | AC14: 0.17234133 | AD14: 0.17234133 | AE14: 0.17234133 | AF14: 0.17234133 | AG14: 0.17234133 | AH14: 0.17234133 | AI14: 0.17234133
B15: Res PV - Kansas City - Moderate | C15: 0.16519145 | D15: 0.16542573 | E15: 0.16566001 | F15: 0.16589429 | G15: 0.16612857 | H15: 0.16636285 | I15: 0.16659713 | J15: 0.16683142 | K15: 0.1670657 | L15: 0.16729998 | M15: 0.16753426 | N15: 0.16776854 | O15: 0.16800282 | P15: 0.16821975 | Q15: 0.16843667 | R15: 0.1686536 | S15: 0.16887052 | T15: 0.16908745 | U15: 0.16930437 | V15: 0.1695213 | W15: 0.16973822 | X15: 0.16995515 | Y15: 0.17017207 | Z15: 0.170389 | AA15: 0.17060593 | AB15: 0.17082285 | AC15: 0.17103978 | AD15: 0.1712567 | AE15: 0.17147363 | AF15: 0.17169055 | AG15: 0.17190748 | AH15: 0.1721244 | AI15: 0.17234133
B16: Res PV - Kansas City - Conservative | C16: 0.16519145 | D16: 0.16519145 | E16: 0.16519145 | F16: 0.16519145 | G16: 0.16519145 | H16: 0.16519145 | I16: 0.16519145 | J16: 0.16519145 | K16: 0.16519145 | L16: 0.16519145 | M16: 0.16519145 | N16: 0.16519145 | O16: 0.16519145 | P16: 0.16533202 | Q16: 0.16547258 | R16: 0.16561315 | S16: 0.16575372 | T16: 0.16589429 | U16: 0.16603486 | V16: 0.16617543 | W16: 0.166316 | X16: 0.16645657 | Y16: 0.16659713 | Z16: 0.1667377 | AA16: 0.16687827 | AB16: 0.16701884 | AC16: 0.16715941 | AD16: 0.16729998 | AE16: 0.16744055 | AF16: 0.16758111 | AG16: 0.16772168 | AH16: 0.16786225 | AI16: 0.16800282
B17: Res PV - Los Angeles - Advanced | C17: 0.18996493 | D17: 0.19065011 | E17: 0.19133529 | F17: 0.19202047 | G17: 0.19270565 | H17: 0.19339083 | I17: 0.194076 | J17: 0.19476118 | K17: 0.19544636 | L17: 0.19613154 | M17: 0.19681672 | N17: 0.19750189 | O17: 0.19818707 | P17: 0.19818707 | Q17: 0.19818707 | R17: 0.19818707 | S17: 0.19818707 | T17: 0.19818707 | U17: 0.19818707 | V17: 0.19818707 | W17: 0.19818707 | X17: 0.19818707 | Y17: 0.19818707 | Z17: 0.19818707 | AA17: 0.19818707 | AB17: 0.19818707 | AC17: 0.19818707 | AD17: 0.19818707 | AE17: 0.19818707 | AF17: 0.19818707 | AG17: 0.19818707 | AH17: 0.19818707 | AI17: 0.19818707
B18: Res PV - Los Angeles - Moderate | C18: 0.18996493 | D18: 0.19023435 | E18: 0.19050377 | F18: 0.19077318 | G18: 0.1910426 | H18: 0.19131201 | I18: 0.19158143 | J18: 0.19185085 | K18: 0.19212026 | L18: 0.19238968 | M18: 0.19265909 | N18: 0.19292851 | O18: 0.19319793 | P18: 0.19344738 | Q18: 0.19369684 | R18: 0.1939463 | S18: 0.19419575 | T18: 0.19444521 | U18: 0.19469467 | V18: 0.19494413 | W18: 0.19519358 | X18: 0.19544304 | Y18: 0.1956925 | Z18: 0.19594196 | AA18: 0.19619141 | AB18: 0.19644087 | AC18: 0.19669033 | AD18: 0.19693979 | AE18: 0.19718924 | AF18: 0.1974387 | AG18: 0.19768816 | AH18: 0.19793761 | AI18: 0.19818707
B19: Res PV - Los Angeles - Conservative | C19: 0.18996493 | D19: 0.18996493 | E19: 0.18996493 | F19: 0.18996493 | G19: 0.18996493 | H19: 0.18996493 | I19: 0.18996493 | J19: 0.18996493 | K19: 0.18996493 | L19: 0.18996493 | M19: 0.18996493 | N19: 0.18996493 | O19: 0.18996493 | P19: 0.19012658 | Q19: 0.19028823 | R19: 0.19044988 | S19: 0.19061153 | T19: 0.19077318 | U19: 0.19093483 | V19: 0.19109648 | W19: 0.19125813 | X19: 0.19141978 | Y19: 0.19158143 | Z19: 0.19174308 | AA19: 0.19190473 | AB19: 0.19206638 | AC19: 0.19222803 | AD19: 0.19238968 | AE19: 0.19255133 | AF19: 0.19271298 | AG19: 0.19287463 | AH19: 0.19303628 | AI19: 0.19319793
B20: Res PV - Daggett, CA - Advanced | C20: 0.20750952 | D20: 0.20825798 | E20: 0.20900644 | F20: 0.2097549 | G20: 0.21050336 | H20: 0.21125182 | I20: 0.21200028 | J20: 0.21274874 | K20: 0.2134972 | L20: 0.21424566 | M20: 0.21499411 | N20: 0.21574257 | O20: 0.21649103 | P20: 0.21649103 | Q20: 0.21649103 | R20: 0.21649103 | S20: 0.21649103 | T20: 0.21649103 | U20: 0.21649103 | V20: 0.21649103 | W20: 0.21649103 | X20: 0.21649103 | Y20: 0.21649103 | Z20: 0.21649103 | AA20: 0.21649103 | AB20: 0.21649103 | AC20: 0.21649103 | AD20: 0.21649103 | AE20: 0.21649103 | AF20: 0.21649103 | AG20: 0.21649103 | AH20: 0.21649103 | AI20: 0.21649103
... B22: Res PV - Daggett, CA - Conservative | C22: 0.20750952 | D22: 0.20750952 | E22: 0.20750952 | F22: 0.20750952 | G22: 0.20750952 | H22: 0.20750952 | I22: 0.20750952 | J22: 0.20750952 | K22: 0.20750952 | L22: 0.20750952 | M22: 0.20750952 | N22: 0.20750952 | O22: 0.20750952 | P22: 0.2076861 | Q22: 0.20786268 | R22: 0.20803926 | S22: 0.20821584 | T22: 0.20839242 | U22: 0.208569 | V22: 0.20874558 | W22: 0.20892216 | X22: 0.20909873 | Y22: 0.20927531 | Z22: 0.20945189 | AA22: 0.20962847 | AB22: 0.20980505 | AC22: 0.20998163 | AD22: 0.21015821 | AE22: 0.21033479 | AF22: 0.21051137 | AG22: 0.21068795 | AH22: 0.21086452 | AI22: 0.2110411

Sheet DSCF
B1: 2017 | C1: 2018 | D1: 2019 | E1: 2020 | F1: 2021 | G1: 2022 | H1: 2023 | I1: 2024 | J1: 2025 | K1: 2026 | L1: 2027 | M1: 2028 | N1: 2029 | O1: 2030 | P1: 2031 | Q1: 2032 | R1: 2033 | S1: 2034 | T1: 2035 | U1: 2036 | V1: 2037 | W1: 2038 | X1: 2039 | Y1: 2040 | Z1: 2041 | AA1: 2042 | AB1: 2043 | AC1: 2044 | AD1: 2045 | AE1: 2046 | AF1: 2047 | AG1: 2048 | AH1: 2049 | AI1: 2050
A2: Capacity Factor (dimensionless) | B2: =C2 | C2: =Calculations!C3 | D2: =Calculations!D3 | E2: =Calculations!E3 | F2: =Calculations!F3 | G2: =Calculations!G3 | H2: =Calculations!H3 | I2: =Calculations!I3 | J2: =Calculations!J3 | ... AI2: =Calculations!AI3
